1,Hòa An 8,,, Đà Nẵng 550000, Vietnam,16.0585794,108.1751608
3,Hòa An 8,,, Đà Nẵng 550000, Vietnam,16.0585593,108.1751128
4,Hòa An 8,,, Đà Nẵng 550000, Vietnam,16.0587088,108.1750254
5,Hòa An 8,,, Đà Nẵng 550000, Vietnam,16.0585435,108.1750782
6,Hòa An 8,,, Đà Nẵng 550000, Vietnam,16.0586902,108.1749846
7,Hòa An 8,,, Đà Nẵng 550000, Vietnam,16.0585269,108.1750417
8,Hòa An 8,,, Đà Nẵng 550000, Vietnam,16.0586715,108.1749439
9,Hòa An 8,,, Đà Nẵng 550000, Vietnam,16.0585102,108.1750053
10,Hòa An 8, Hoà Minh, Liên Chiểu, Đà Nẵng 550000, Vietnam,16.0586384,108.1748748
11,Hòa An 8,,, Đà Nẵng 550000, Vietnam,16.0584936,108.1749688
12,Hòa An 8, Hoà Minh, Liên Chiểu, Đà Nẵng 550000, Vietnam,16.0586271,108.1748495
13,Hòa An 8,,, Đà Nẵng 550000, Vietnam,16.0584769,108.1749324
14,Hòa An 8, Hoà Minh, Liên Chiểu, Đà Nẵng 550000, Vietnam,16.0586213,108.1748423
15,Hòa An 8, Hoà Minh, Liên Chiểu, Đà Nẵng 550000, Vietnam,16.0584925,108.17488
16,Hòa An 8,,, Đà Nẵng 550000, Vietnam,16.0585972,108.1747826
17,Hòa An 8, Hoà Minh, Liên Chiểu, Đà Nẵng 550000, Vietnam,16.0584162,108.1748678
18,Hòa An 8,,, Đà Nẵng 550000, Vietnam,16.0585699,108.1747351
19,Hòa An 8, Hoà Minh, Liên Chiểu, Đà Nẵng 550000, Vietnam,16.0584573,108.1747901
20,Hòa An 8, Hoà Minh, Liên Chiểu, Đà Nẵng 550000, Vietnam,16.058529,108.1746961
21,Hòa An 8,,, Đà Nẵng 550000, Vietnam,16.058399,108.1747848
22,Hòa An 8,,, Đà Nẵng 550000, Vietnam,16.0585093,108.1746301
23,Hòa An 8, Hoà Minh, Liên Chiểu, Đà Nẵng 550000, Vietnam,16.0583857,108.174753
24,Hòa An 8, Hoà Minh, Liên Chiểu, Đà Nẵng 550000, Vietnam,16.0584874,108.1745655
25,Hòa An 8, Hoà Minh, Liên Chiểu, Đà Nẵng 550000, Vietnam,16.0583857,108.1747087
26,Hòa An 8,,, Đà Nẵng 550000, Vietnam,16.0584628,108.1745493
27,Hòa An 8, Hoà Minh, Liên Chiểu, Đà Nẵng 550000, Vietnam,16.058371,108.1746688
28,Hòa An 8, Hoà Minh, Liên Chiểu, Đà Nẵng 550000, Vietnam,16.0584096,108.1745508
29,Hòa An 8, Hoà Minh, Liên Chiểu, Đà Nẵng 550000, Vietnam,16.0583463,108.1746409
30,Hòa An 8, Hoà Minh, Liên Chiểu, Đà Nẵng 550000, Vietnam,16.0584004,108.1745062
31,Hòa An 8, Hoà Minh, Liên Chiểu, Đà Nẵng 550000, Vietnam,16.0583229,108.1745854
32,Hòa An 8, Hoà Minh, Liên Chiểu, Đà Nẵng 550000, Vietnam,16.0584057,108.1744308
33,Hòa An 8, Hoà Minh, Liên Chiểu, Đà Nẵng 550000, Vietnam,16.058299,108.1745508
34,Hòa An 8, Hoà Minh, Liên Chiểu, Đà Nẵng 550000, Vietnam,16.0583791,108.1743618
35,Hòa An 8, Hoà Minh, Liên Chiểu, Đà Nẵng 550000, Vietnam,16.0582583,108.1745057
36,Hòa An 8, Hoà Minh, Liên Chiểu, Đà Nẵng 550000, Vietnam,16.0583212,108.1743918
37,Hòa An 8, Hoà Minh, Cẩm Lệ, Đà Nẵng 550000, Vietnam,16.058208,108.1744786
38,Hòa An 8, Hoà Minh, Liên Chiểu, Đà Nẵng 550000, Vietnam,16.0583279,108.1743011
39,Hòa An 8, Hoà Minh, Liên Chiểu, Đà Nẵng 550000, Vietnam,16.0581965,108.1744247
40,Hòa An 8, Hoà Minh, Liên Chiểu, Đà Nẵng 550000, Vietnam,16.0582603,108.1743042
41,Hòa An 8, Hoà Minh, Liên Chiểu, Đà Nẵng 550000, Vietnam,16.0581835,108.1743833
42,Hòa An 8, Hoà Minh, Liên Chiểu, Đà Nẵng 550000, Vietnam,16.0582354,108.174257
43,Hòa An 8,,, Đà Nẵng 550000, Vietnam,16.05816,108.1743989
44,Hòa An 8, Hoà Minh, Liên Chiểu, Đà Nẵng 550000, Vietnam,16.0582187,108.1742216
45,Hòa An 8,,, Đà Nẵng 550000, Vietnam,16.05816,108.1743989
46,Hòa An 8, Hoà Minh, Liên Chiểu, Đà Nẵng 550000, Vietnam,16.0581898,108.1741844
1,Hòa An 9,, Cẩm Lệ, Đà Nẵng 550000, Vietnam,16.0581119,108.175282
2,Hòa An 9,, Cẩm Lệ, Đà Nẵng 550000, Vietnam,16.058254,108.1752064
3,Hòa An 9,, Cẩm Lệ, Đà Nẵng 550000, Vietnam,16.0581119,108.175282
4,Hòa An 9,, Cẩm Lệ, Đà Nẵng 550000, Vietnam,16.058254,108.1752064
5,Hòa An 9,, Cẩm Lệ, Đà Nẵng 550000, Vietnam,16.0580914,108.1752246
6,Hòa An 9,, Cẩm Lệ, Đà Nẵng 550000, Vietnam,16.0582424,108.1751739
7,Hòa An 9,, Cẩm Lệ, Đà Nẵng 550000, Vietnam,16.058071,108.1751671
8,Hòa An 9,, Cẩm Lệ, Đà Nẵng 550000, Vietnam,16.0582274,108.175132
9,Hòa An 9, Hoà An, Cẩm Lệ, Đà Nẵng 550000, Vietnam,16.0580635,108.1751291
10,Hòa An 9,, Cẩm Lệ, Đà Nẵng 550000, Vietnam,16.0582125,108.17509
11,Hòa An 9, Hoà An, Cẩm Lệ, Đà Nẵng 550000, Vietnam,16.0580509,108.17514
12,Hòa An 9, Hoà An, Cẩm Lệ, Đà Nẵng 550000, Vietnam,16.0581817,108.1750489
13,Hòa An 9,, Cẩm Lệ, Đà Nẵng 550000, Vietnam,16.05804,108.1750803
14,Hòa An 9,, Cẩm Lệ, Đà Nẵng 550000, Vietnam,16.0581795,108.1749976
15,Hòa An 9, Hoà An, Cẩm Lệ, Đà Nẵng 550000, Vietnam,16.0580542,108.1750109
16,Hòa An 9,, Cẩm Lệ, Đà Nẵng 550000, Vietnam,16.0581615,108.1749472
17,Hòa An 9, Hoà An, Cẩm Lệ, Đà Nẵng 550000, Vietnam,16.0580394,108.1749944
18,Hòa An 9, Hoà Minh, Cẩm Lệ, Đà Nẵng 550000, Vietnam,16.0581427,108.174897
19,Hòa An 9, Hoà An, Cẩm Lệ, Đà Nẵng 550000, Vietnam,16.0580361,108.1749621
20,Hòa An 9, Hoà Minh, Cẩm Lệ, Đà Nẵng 550000, Vietnam,16.0581097,108.1748676
21,Hòa An 9, Hoà An, Cẩm Lệ, Đà Nẵng 550000, Vietnam,16.057971,108.1749135
22,Hòa An 9, Hoà Minh, Cẩm Lệ, Đà Nẵng 550000, Vietnam,16.0581081,108.17482
23,Hòa An 9,, Cẩm Lệ, Đà Nẵng 550000, Vietnam,16.0579649,108.1748698
24,Hòa An 9, Hoà Minh, Cẩm Lệ, Đà Nẵng 550000, Vietnam,16.0580877,108.1747641
25,Hòa An 9, Hoà Minh, Cẩm Lệ, Đà Nẵng 550000, Vietnam,16.0579727,108.1748096
26,Hòa An 9,, Cẩm Lệ, Đà Nẵng 550000, Vietnam,16.0580786,108.1747145
27,Hòa An 9, Hoà Minh, Cẩm Lệ, Đà Nẵng 550000, Vietnam,16.057973,108.174802
28,Hòa An 9, Hoà Minh, Cẩm Lệ, Đà Nẵng 550000, Vietnam,16.0580292,108.1746811
29,Hòa An 9, Hoà Minh, Cẩm Lệ, Đà Nẵng 550000, Vietnam,16.0579501,108.1747184
30,Hòa An 9, Hoà Minh, Cẩm Lệ, Đà Nẵng 550000, Vietnam,16.058033,108.174661
31,Hòa An 9, Hoà Minh, Cẩm Lệ, Đà Nẵng 550000, Vietnam,16.0579074,108.1746774
32,Hòa An 9, Hoà Minh, Cẩm Lệ, Đà Nẵng 550000, Vietnam,16.0579988,108.1745759
33,Hòa An 9, Hoà Minh, Cẩm Lệ, Đà Nẵng 550000, Vietnam,16.0579114,108.1746204
34,Hòa An 9, Hoà Minh, Cẩm Lệ, Đà Nẵng 550000, Vietnam,16.0579903,108.1745572
35,Hòa An 9, Hoà Minh, Cẩm Lệ, Đà Nẵng 550000, Vietnam,16.0579129,108.1746007
36,Hòa An 9, Hoà Minh, Cẩm Lệ, Đà Nẵng 550000, Vietnam,16.0579728,108.1745041
37,Hòa An 9, Hoà Minh, Cẩm Lệ, Đà Nẵng 550000, Vietnam,16.0578849,108.1745335
38,Hòa An 9, Hoà Minh, Cẩm Lệ, Đà Nẵng 550000, Vietnam,16.0579619,108.1744616
1,Lê Đại Hành, Khuêõ Trung, Cẩm Lệ, Đà Nẵng 550000, Vietnam,16.0240706,108.2076281
2,Lê Đại Hành, Khuêõ Trung, Cẩm Lệ, Đà Nẵng 550000, Vietnam,16.0247286,108.2083492
3,Lê Đại Hành, Khuêõ Trung, Cẩm Lệ, Đà Nẵng 550000, Vietnam,16.0241079,108.207618
4,Lê Đại Hành, Khuêõ Trung, Cẩm Lệ, Đà Nẵng 550000, Vietnam,16.0246235,108.2083207
5,Lê Đại Hành, Khuêõ Trung, Cẩm Lệ, Đà Nẵng 550000, Vietnam,16.0240386,108.2074993
6,Lê Đại Hành, Khuêõ Trung, Cẩm Lệ, Đà Nẵng 550000, Vietnam,16.0245874,108.2082349
7,Lê Đại Hành, Khuêõ Trung, Cẩm Lệ, Đà Nẵng 550000, Vietnam,16.0240067,108.2073706
8,Lê Đại Hành, Khuêõ Trung, Cẩm Lệ, Đà Nẵng 550000, Vietnam,16.0246343,108.2081722
9,Lê Đại Hành, Khuêõ Trung, Cẩm Lệ, Đà Nẵng 550000, Vietnam,16.0239745,108.207243
10,Lê Đại Hành, Khuêõ Trung, Cẩm Lệ, Đà Nẵng 550000, Vietnam,16.0246197,108.2081446
11,Lê Đại Hành, Khuêõ Trung, Cẩm Lệ, Đà Nẵng 550000, Vietnam,16.0239414,108.2071146
12,Lê Đại Hành, Khuêõ Trung, Cẩm Lệ, Đà Nẵng 550000, Vietnam,16.0245658,108.2081394
13,Lê Đại Hành, Khuêõ Trung, Cẩm Lệ, Đà Nẵng 550000, Vietnam,16.0239082,108.2069861
14,Lê Đại Hành, Khuêõ Trung, Cẩm Lệ, Đà Nẵng 550000, Vietnam,16.0245737,108.2081022
15,Lê Đại Hành, Khuêõ Trung, Cẩm Lệ, Đà Nẵng 550000, Vietnam,16.0238751,108.2068577
16,Lê Đại Hành, Khuêõ Trung, Cẩm Lệ, Đà Nẵng 550000, Vietnam,16.0245566,108.2080241
17,Lê Đại Hành, Khuêõ Trung, Cẩm Lệ, Đà Nẵng 550000, Vietnam,16.0238417,108.20673
18,Lê Đại Hành, Khuêõ Trung, Cẩm Lệ, Đà Nẵng 550000, Vietnam,16.0244949,108.2079991
19,Lê Đại Hành, Khuêõ Trung, Cẩm Lệ, Đà Nẵng 550000, Vietnam,16.0238079,108.2066017
20,Lê Đại Hành, Khuêõ Trung, Cẩm Lệ, Đà Nẵng 550000, Vietnam,16.0244889,108.2079254
21,Lê Đại Hành, Khuêõ Trung, Cẩm Lệ, Đà Nẵng 550000, Vietnam,16.0237595,108.2064777
22,Lê Đại Hành, Khuêõ Trung, Cẩm Lệ, Đà Nẵng 550000, Vietnam,16.0245043,108.2078865
23,Lê Đại Hành, Khuêõ Trung, Cẩm Lệ, Đà Nẵng 550000, Vietnam,16.0237402,108.2063453
24,Lê Đại Hành, Khuêõ Trung, Cẩm Lệ, Đà Nẵng 550000, Vietnam,16.0245384,108.2079014
25,Lê Đại Hành, Khuêõ Trung, Cẩm Lệ, Đà Nẵng 550000, Vietnam,16.0237064,108.206217
26,Lê Đại Hành, Khuêõ Trung, Cẩm Lệ, Đà Nẵng 550000, Vietnam,16.0243769,108.2078528
27,Lê Đại Hành, Khuêõ Trung, Cẩm Lệ, Đà Nẵng 550000, Vietnam,16.0236707,108.2060919
28,Lê Đại Hành, Khuêõ Trung, Cẩm Lệ, Đà Nẵng 550000, Vietnam,16.0244432,108.2077909
29,Lê Đại Hành, Khuêõ Trung, Cẩm Lệ, Đà Nẵng 550000, Vietnam,16.023613,108.2059711
30,Lê Đại Hành, Khuêõ Trung, Cẩm Lệ, Đà Nẵng 550000, Vietnam,16.0244005,108.2077323
31,Lê Đại Hành, Khuêõ Trung, Cẩm Lệ, Đà Nẵng 550000, Vietnam,16.0235368,108.2058446
32,Lê Đại Hành, Khuêõ Trung, Cẩm Lệ, Đà Nẵng 550000, Vietnam,16.0244176,108.2076871
33,Lê Đại Hành, Khuêõ Trung, Cẩm Lệ, Đà Nẵng 550000, Vietnam,16.0235256,108.2058012
34,Lê Đại Hành, Khuêõ Trung, Cẩm Lệ, Đà Nẵng 550000, Vietnam,16.0244206,108.2076203
35,Lê Đại Hành, Khuêõ Trung, Cẩm Lệ, Đà Nẵng 550000, Vietnam,16.0235375,108.2057515
36,Lê Đại Hành, Khuêõ Trung, Cẩm Lệ, Đà Nẵng 550000, Vietnam,16.0244147,108.2075808
37,Lê Đại Hành, Khuêõ Trung, Cẩm Lệ, Đà Nẵng 550000, Vietnam,16.0235114,108.2057465
38,Lê Đại Hành, Khuêõ Trung, Cẩm Lệ, Đà Nẵng 550000, Vietnam,16.0243807,108.2075501
39,Lê Đại Hành, Khuêõ Trung, Hải Châu, Đà Nẵng 550000, Vietnam,16.023481,108.2057406
40,Lê Đại Hành, Khuêõ Trung, Cẩm Lệ, Đà Nẵng 550000, Vietnam,16.0243779,108.2074994
41,Lê Đại Hành, Khuêõ Trung, Cẩm Lệ, Đà Nẵng 550000, Vietnam,16.0235055,108.2057236
42,Lê Đại Hành, Khuêõ Trung, Cẩm Lệ, Đà Nẵng 550000, Vietnam,16.0244276,108.2076448
43,Lê Đại Hành, Khuêõ Trung, Cẩm Lệ, Đà Nẵng 550000, Vietnam,16.0237863,108.2062196
44,Lê Đại Hành, Khuêõ Trung, Cẩm Lệ, Đà Nẵng 550000, Vietnam,16.0243663,108.2074121
45,Lê Đại Hành, Khuêõ Trung, Cẩm Lệ, Đà Nẵng 550000, Vietnam,16.0234996,108.2057007
46,Lê Đại Hành, Khuêõ Trung, Cẩm Lệ, Đà Nẵng 550000, Vietnam,16.0243543,108.2073704
47,Lê Đại Hành, Khuêõ Trung, Cẩm Lệ, Đà Nẵng 550000, Vietnam,16.0235004,108.2056882
48,Lê Đại Hành, Khuêõ Trung, Cẩm Lệ, Đà Nẵng 550000, Vietnam,16.0243003,108.2073418
49,Lê Đại Hành, Khuêõ Trung, Cẩm Lệ, Đà Nẵng 550000, Vietnam,16.0234936,108.2056778
50,Lê Đại Hành, Khuêõ Trung, Cẩm Lệ, Đà Nẵng 550000, Vietnam,16.0242036,108.2070174
51,Lê Đại Hành, Khuêõ Trung, Cẩm Lệ, Đà Nẵng 550000, Vietnam,16.0234907,108.2056664
52,Lê Đại Hành, Khuêõ Trung, Cẩm Lệ, Đà Nẵng 550000, Vietnam,16.0243137,108.2072287
53,Lê Đại Hành, Khuêõ Trung, Cẩm Lệ, Đà Nẵng 550000, Vietnam,16.0234877,108.2056549
54,Lê Đại Hành, Khuêõ Trung, Cẩm Lệ, Đà Nẵng 550000, Vietnam,16.0242994,108.2071786
55,Lê Đại Hành, Khuêõ Trung, Cẩm Lệ, Đà Nẵng 550000, Vietnam,16.0234848,108.2056435
56,Lê Đại Hành, Khuêõ Trung, Cẩm Lệ, Đà Nẵng 550000, Vietnam,16.0242812,108.2071296
57,Lê Đại Hành, Khuêõ Trung, Cẩm Lệ, Đà Nẵng 550000, Vietnam,16.0234818,108.2056321
58,Lê Đại Hành, Khuêõ Trung, Cẩm Lệ, Đà Nẵng 550000, Vietnam,16.0241904,108.207103
59,Lê Đại Hành, Khuêõ Trung, Cẩm Lệ, Đà Nẵng 550000, Vietnam,16.0234789,108.2056206
60,Lê Đại Hành, Hòa Thọ Đông, Cẩm Lệ, Đà Nẵng 550000, Vietnam,16.0224998,108.2014108
61,Lê Đại Hành, Khuêõ Trung, Cẩm Lệ, Đà Nẵng 550000, Vietnam,16.0234759,108.2056092
62,Lê Đại Hành, Khuêõ Trung, Cẩm Lệ, Đà Nẵng 550000, Vietnam,16.024241,108.2069884
63,Lê Đại Hành, Khuêõ Trung, Cẩm Lệ, Đà Nẵng 550000, Vietnam,16.023473,108.2055978
64,Lê Đại Hành, Khuêõ Trung, Cẩm Lệ, Đà Nẵng 550000, Vietnam,16.024233,108.2069456
65,Lê Đại Hành, Khuêõ Trung, Cẩm Lệ, Đà Nẵng 550000, Vietnam,16.0234709,108.2055902
66,Lê Đại Hành, Khuêõ Trung, Cẩm Lệ, Đà Nẵng 550000, Vietnam,16.0241968,108.2069114
67,Lê Đại Hành, Khuêõ Trung, Cẩm Lệ, Đà Nẵng 550000, Vietnam,16.0234677,108.2055789
68,Lê Đại Hành, Khuêõ Trung, Cẩm Lệ, Đà Nẵng 550000, Vietnam,16.0238614,108.2053868
69,Lê Đại Hành, Khuêõ Trung, Cẩm Lệ, Đà Nẵng 550000, Vietnam,16.0234645,108.2055675
70,Lê Đại Hành, Khuêõ Trung, Cẩm Lệ, Đà Nẵng 550000, Vietnam,16.0238456,108.205347
71,Lê Đại Hành, Khuêõ Trung, Cẩm Lệ, Đà Nẵng 550000, Vietnam,16.0234613,108.2055561
72,Lê Đại Hành, Khuêõ Trung, Cẩm Lệ, Đà Nẵng 550000, Vietnam,16.0238352,108.2053057
73,Lê Đại Hành, Khuêõ Trung, Cẩm Lệ, Đà Nẵng 550000, Vietnam,16.0234581,108.2055448
74,Lê Đại Hành, Khuêõ Trung, Cẩm Lệ, Đà Nẵng 550000, Vietnam,16.0238249,108.2052645
75,Lê Đại Hành, Khuêõ Trung, Cẩm Lệ, Đà Nẵng 550000, Vietnam,16.0234549,108.2055334
76,Lê Đại Hành, Khuêõ Trung, Cẩm Lệ, Đà Nẵng 550000, Vietnam,16.0238146,108.2052232
77,Lê Đại Hành, Khuêõ Trung, Cẩm Lệ, Đà Nẵng 550000, Vietnam,16.0234517,108.2055221
78,Lê Đại Hành, Khuêõ Trung, Cẩm Lệ, Đà Nẵng 550000, Vietnam,16.0236414,108.2052261
79,Lê Đại Hành, Khuêõ Trung, Cẩm Lệ, Đà Nẵng 550000, Vietnam,16.0234485,108.2055107
80,Lê Đại Hành, Khuêõ Trung, Cẩm Lệ, Đà Nẵng 550000, Vietnam,16.0236414,108.2052261
81,Lê Đại Hành, Khuêõ Trung, Cẩm Lệ, Đà Nẵng 550000, Vietnam,16.0234091,108.2055104
82,Lê Đại Hành, Khuêõ Trung, Cẩm Lệ, Đà Nẵng 550000, Vietnam,16.0237043,108.2047892
83,Lê Đại Hành, Khuêõ Trung, Cẩm Lệ, Đà Nẵng 550000, Vietnam,16.0233176,108.2054216
84,Lê Đại Hành, Hoà Phát, Cẩm Lệ, Đà Nẵng 550000, Vietnam,16.0204214,108.196004
85,Lê Đại Hành, Khuêõ Trung, Cẩm Lệ, Đà Nẵng 550000, Vietnam,16.0235501,108.2052525
86,Lê Đại Hành, Khuêõ Trung, Cẩm Lệ, Đà Nẵng 550000, Vietnam,16.0235709,108.2044483
87,Lê Đại Hành, Khuêõ Trung, Cẩm Lệ, Đà Nẵng 550000, Vietnam,16.0235501,108.2052525
88,Lê Đại Hành, Khuêõ Trung, Cẩm Lệ, Đà Nẵng 550000, Vietnam,16.0234113,108.2037913
89,Lê Đại Hành, Khuêõ Trung, Cẩm Lệ, Đà Nẵng 550000, Vietnam,16.0233663,108.2052292
90,Lê Đại Hành, Khuêõ Trung, Cẩm Lệ, Đà Nẵng 550000, Vietnam,16.0234101,108.2035092
91,Lê Đại Hành, Khuêõ Trung, Cẩm Lệ, Đà Nẵng 550000, Vietnam,16.0233433,108.2051532
92,Lê Đại Hành, Khuêõ Trung, Cẩm Lệ, Đà Nẵng 550000, Vietnam,16.0233251,108.203574
93,Lê Đại Hành, Khuêõ Trung, Cẩm Lệ, Đà Nẵng 550000, Vietnam,16.0233637,108.205063
94,Lê Đại Hành, Khuêõ Trung, Cẩm Lệ, Đà Nẵng 550000, Vietnam,16.023283,108.2036376
95,Lê Đại Hành, Khuêõ Trung, Cẩm Lệ, Đà Nẵng 550000, Vietnam,16.0232949,108.2049935
96,Lê Đại Hành, Khuêõ Trung, Cẩm Lệ, Đà Nẵng 550000, Vietnam,16.0233195,108.2034739
97,Lê Đại Hành, Khuêõ Trung, Cẩm Lệ, Đà Nẵng 550000, Vietnam,16.0232696,108.2049097
98,Lê Đại Hành, Khuêõ Trung, Cẩm Lệ, Đà Nẵng 550000, Vietnam,16.0233143,108.2034548
99,Lê Đại Hành, Khuêõ Trung, Cẩm Lệ, Đà Nẵng 550000, Vietnam,16.0232522,108.2048234
100,Lê Đại Hành, Khuêõ Trung, Cẩm Lệ, Đà Nẵng 550000, Vietnam,16.0233064,108.2034364
101,Lê Đại Hành, Khuêõ Trung, Cẩm Lệ, Đà Nẵng 550000, Vietnam,16.0232392,108.2048095
102,Lê Đại Hành, Khuêõ Trung, Cẩm Lệ, Đà Nẵng 550000, Vietnam,16.0230793,108.2029872
103,Lê Đại Hành, Khuêõ Trung, Cẩm Lệ, Đà Nẵng 550000, Vietnam,16.0232342,108.204793
104,Lê Đại Hành, Khuêõ Trung, Cẩm Lệ, Đà Nẵng 550000, Vietnam,16.0232858,108.2033608
105,Lê Đại Hành, Khuêõ Trung, Cẩm Lệ, Đà Nẵng 550000, Vietnam,16.0232292,108.2047764
106,Lê Đại Hành, Khuêõ Trung, Cẩm Lệ, Đà Nẵng 550000, Vietnam,16.0232731,108.2033035
107,Lê Đại Hành, Khuêõ Trung, Cẩm Lệ, Đà Nẵng 550000, Vietnam,16.0232242,108.2047599
108,Lê Đại Hành, Khuêõ Trung, Cẩm Lệ, Đà Nẵng 550000, Vietnam,16.0232577,108.203247
109,Lê Đại Hành, Khuêõ Trung, Cẩm Lệ, Đà Nẵng 550000, Vietnam,16.0232192,108.2047434
110,Lê Đại Hành, Khuêõ Trung, Cẩm Lệ, Đà Nẵng 550000, Vietnam,16.0232424,108.2031905
111,Lê Đại Hành, Khuêõ Trung, Cẩm Lệ, Đà Nẵng 550000, Vietnam,16.0232142,108.2047269
112,Lê Đại Hành, Khuêõ Trung, Cẩm Lệ, Đà Nẵng 550000, Vietnam,16.023227,108.203134
113,Lê Đại Hành, Khuêõ Trung, Cẩm Lệ, Đà Nẵng 550000, Vietnam,16.0232092,108.2047103
114,Lê Đại Hành, Khuêõ Trung, Cẩm Lệ, Đà Nẵng 550000, Vietnam,16.0232116,108.2030775
115,Lê Đại Hành, Khuêõ Trung, Cẩm Lệ, Đà Nẵng 550000, Vietnam,16.0232234,108.204689
116,Lê Đại Hành, Khuêõ Trung, Cẩm Lệ, Đà Nẵng 550000, Vietnam,16.0231958,108.2030194
117,Lê Đại Hành, Khuêõ Trung, Cẩm Lệ, Đà Nẵng 550000, Vietnam,16.0230845,108.2043698
118,Lê Đại Hành, Khuêõ Trung, Cẩm Lệ, Đà Nẵng 550000, Vietnam,16.0231799,108.2029631
119,Lê Đại Hành, Khuêõ Trung, Cẩm Lệ, Đà Nẵng 550000, Vietnam,16.0231686,108.2038991
120,Lê Đại Hành, Khuêõ Trung, Cẩm Lệ, Đà Nẵng 550000, Vietnam,16.0230037,108.2029556
121,Lê Đại Hành, Khuêõ Trung, Cẩm Lệ, Đà Nẵng 550000, Vietnam,16.0231389,108.2037883
122,Lê Đại Hành, Khuêõ Trung, Cẩm Lệ, Đà Nẵng 550000, Vietnam,16.0230037,108.2029556
123,Lê Đại Hành, Khuêõ Trung, Cẩm Lệ, Đà Nẵng 550000, Vietnam,16.0231092,108.2036775
124,Lê Đại Hành, Khuêõ Trung, Cẩm Lệ, Đà Nẵng 550000, Vietnam,16.0230358,108.2028773
125,Lê Đại Hành, Khuêõ Trung, Cẩm Lệ, Đà Nẵng 550000, Vietnam,16.0230793,108.2035668
126,Lê Đại Hành, Khuêõ Trung, Cẩm Lệ, Đà Nẵng 550000, Vietnam,16.0230192,108.2028126
127,Lê Đại Hành, Khuêõ Trung, Cẩm Lệ, Đà Nẵng 550000, Vietnam,16.0230793,108.2035668
128,Lê Đại Hành, Khuêõ Trung, Cẩm Lệ, Đà Nẵng 550000, Vietnam,16.0230025,108.2027479
129,Lê Đại Hành, Khuêõ Trung, Cẩm Lệ, Đà Nẵng 550000, Vietnam,16.0227727,108.2029326
130,Lê Đại Hành, Khuêõ Trung, Cẩm Lệ, Đà Nẵng 550000, Vietnam,16.0229643,108.2026892
131,Lê Đại Hành, Khuêõ Trung, Cẩm Lệ, Đà Nẵng 550000, Vietnam,16.0227503,108.2028477
132,Lê Đại Hành, Khuêõ Trung, Cẩm Lệ, Đà Nẵng 550000, Vietnam,16.0229476,108.2026245
133,Lê Đại Hành, Khuêõ Trung, Cẩm Lệ, Đà Nẵng 550000, Vietnam,16.0230102,108.2033137
134,Lê Đại Hành, Khuêõ Trung, Cẩm Lệ, Đà Nẵng 550000, Vietnam,16.0229519,108.2025532
135,Lê Đại Hành, Khuêõ Trung, Cẩm Lệ, Đà Nẵng 550000, Vietnam,16.0229871,108.2032294
136,Lê Đại Hành, Khuêõ Trung, Cẩm Lệ, Đà Nẵng 550000, Vietnam,16.0229343,108.2024887
137,Lê Đại Hành, Khuêõ Trung, Cẩm Lệ, Đà Nẵng 550000, Vietnam,16.0229871,108.2032294
138,Lê Đại Hành, Khuêõ Trung, Cẩm Lệ, Đà Nẵng 550000, Vietnam,16.0229167,108.2024243
139,Lê Đại Hành, Khuêõ Trung, Cẩm Lệ, Đà Nẵng 550000, Vietnam,16.0228741,108.2031339
140,Lê Đại Hành, Khuêõ Trung, Cẩm Lệ, Đà Nẵng 550000, Vietnam,16.0229628,108.2023375
141,Lê Đại Hành, Khuêõ Trung, Cẩm Lệ, Đà Nẵng 550000, Vietnam,16.0228398,108.203014
142,Lê Đại Hành, Khuêõ Trung, Cẩm Lệ, Đà Nẵng 550000, Vietnam,16.0228602,108.2023018
143,Lê Đại Hành, Khuêõ Trung, Cẩm Lệ, Đà Nẵng 550000, Vietnam,16.0228055,108.2028941
144,Lê Đại Hành, Khuêõ Trung, Cẩm Lệ, Đà Nẵng 550000, Vietnam,16.0227522,108.2016602
145,Lê Đại Hành, Khuêõ Trung, Cẩm Lệ, Đà Nẵng 550000, Vietnam,16.0227712,108.2027742
146,Lê Đại Hành, Khuêõ Trung, Cẩm Lệ, Đà Nẵng 550000, Vietnam,16.0226488,108.2016742
147,Lê Đại Hành, Khuêõ Trung, Cẩm Lệ, Đà Nẵng 550000, Vietnam,16.0227369,108.2026544
148,Lê Đại Hành, Hòa Thọ Đông, Cẩm Lệ, Đà Nẵng 550000, Vietnam,16.0227402,108.2015766
149,Lê Đại Hành, Khuêõ Trung, Cẩm Lệ, Đà Nẵng 550000, Vietnam,16.0228156,108.20263
150,Lê Đại Hành, Hòa Thọ Đông, Cẩm Lệ, Đà Nẵng 550000, Vietnam,16.0227167,108.2015319
151,Lê Đại Hành, Khuêõ Trung, Cẩm Lệ, Đà Nẵng 550000, Vietnam,16.0226687,108.2024198
152,Lê Đại Hành, Hòa Thọ Đông, Cẩm Lệ, Đà Nẵng 550000, Vietnam,16.0227049,108.2014922
153,Lê Đại Hành, Khuêõ Trung, Cẩm Lệ, Đà Nẵng 550000, Vietnam,16.0226276,108.2023022
154,Lê Đại Hành, Hòa Thọ Đông, Cẩm Lệ, Đà Nẵng 550000, Vietnam,16.0226883,108.2014529
155,Lê Đại Hành, Khuêõ Trung, Cẩm Lệ, Đà Nẵng 550000, Vietnam,16.0226637,108.2021555
156,Lê Đại Hành, Hòa Thọ Đông, Cẩm Lệ, Đà Nẵng 550000, Vietnam,16.0226723,108.2014161
157,Lê Đại Hành, Khuêõ Trung, Cẩm Lệ, Đà Nẵng 550000, Vietnam,16.0225466,108.2021218
158,Lê Đại Hành, Hòa Thọ Đông, Cẩm Lệ, Đà Nẵng 550000, Vietnam,16.0225766,108.2014167
159,Lê Đại Hành, Hòa Thọ Đông, Cẩm Lệ, Đà Nẵng 550000, Vietnam,16.0225063,108.201984
160,Lê Đại Hành, Hòa Thọ Đông, Cẩm Lệ, Đà Nẵng 550000, Vietnam,16.0225405,108.201347
161,Lê Đại Hành, Khuêõ Trung, Cẩm Lệ, Đà Nẵng 550000, Vietnam,16.0225817,108.2019317
162,Lê Đại Hành, Hòa Thọ Đông, Cẩm Lệ, Đà Nẵng 550000, Vietnam,16.0226176,108.2012902
163,Lê Đại Hành, Khuêõ Trung, Cẩm Lệ, Đà Nẵng 550000, Vietnam,16.0224991,108.2019514
164,Lê Đại Hành, Hòa Thọ Đông, Cẩm Lệ, Đà Nẵng 550000, Vietnam,16.0225814,108.2012867
165,Lê Đại Hành, Khuêõ Trung, Cẩm Lệ, Đà Nẵng 550000, Vietnam,16.0224837,108.2019198
166,Lê Đại Hành, Hòa Thọ Đông, Cẩm Lệ, Đà Nẵng 550000, Vietnam,16.0225749,108.2012122
167,Lê Đại Hành, Hòa Thọ Đông, Cẩm Lệ, Đà Nẵng 550000, Vietnam,16.0224753,108.2019008
168,Lê Đại Hành, Hòa Thọ Đông, Cẩm Lệ, Đà Nẵng 550000, Vietnam,16.0225543,108.2011444
169,Lê Đại Hành, Hòa Thọ Đông, Cẩm Lệ, Đà Nẵng 550000, Vietnam,16.0224671,108.2018816
170,Lê Đại Hành, Hòa Thọ Đông, Cẩm Lệ, Đà Nẵng 550000, Vietnam,16.0224744,108.2011044
171,Lê Đại Hành, Khuêõ Trung, Cẩm Lệ, Đà Nẵng 550000, Vietnam,16.0224602,108.2018618
172,Lê Đại Hành, Hòa Thọ Đông, Cẩm Lệ, Đà Nẵng 550000, Vietnam,16.0225138,108.2010511
173,Lê Đại Hành, Khuêõ Trung, Cẩm Lệ, Đà Nẵng 550000, Vietnam,16.0224387,108.2017948
174,Lê Đại Hành, Hòa Thọ Đông, Cẩm Lệ, Đà Nẵng 550000, Vietnam,16.0225012,108.2010222
175,Lê Đại Hành, Hòa Thọ Đông, Cẩm Lệ, Đà Nẵng 550000, Vietnam,16.022417,108.2017652
176,Lê Đại Hành, Hòa Thọ Đông, Cẩm Lệ, Đà Nẵng 550000, Vietnam,16.0224707,108.2010017
177,Lê Đại Hành, Khuêõ Trung, Cẩm Lệ, Đà Nẵng 550000, Vietnam,16.0224735,108.2017117
178,Lê Đại Hành, Hòa Thọ Đông, Cẩm Lệ, Đà Nẵng 550000, Vietnam,16.0224724,108.2009374
179,Lê Đại Hành, Khuêõ Trung, Cẩm Lệ, Đà Nẵng 550000, Vietnam,16.022398,108.2016944
180,Lê Đại Hành, Hòa Thọ Đông, Cẩm Lệ, Đà Nẵng 550000, Vietnam,16.0224471,108.200896
181,Lê Đại Hành, Hòa Thọ Đông, Cẩm Lệ, Đà Nẵng 550000, Vietnam,16.022397,108.201691
182,Lê Đại Hành, Hòa Thọ Đông, Cẩm Lệ, Đà Nẵng 550000, Vietnam,16.0224285,108.2008522
183,Lê Đại Hành, Hòa Thọ Đông, Cẩm Lệ, Đà Nẵng 550000, Vietnam,16.022384,108.2016506
184,Lê Đại Hành, Hòa Thọ Đông, Cẩm Lệ, Đà Nẵng 550000, Vietnam,16.0224098,108.2008083
185,Lê Đại Hành, Hòa Thọ Đông, Cẩm Lệ, Đà Nẵng 550000, Vietnam,16.0223825,108.2016347
186,Lê Đại Hành, Hòa Thọ Đông, Cẩm Lệ, Đà Nẵng 550000, Vietnam,16.0223838,108.2007679
187,Lê Đại Hành, Hòa Thọ Đông, Cẩm Lệ, Đà Nẵng 550000, Vietnam,16.0223465,108.2015736
188,Lê Đại Hành, Hòa Thọ Đông, Cẩm Lệ, Đà Nẵng 550000, Vietnam,16.0223652,108.200724
189,Lê Đại Hành, Hòa Thọ Đông, Cẩm Lệ, Đà Nẵng 550000, Vietnam,16.0223188,108.2014811
190,Lê Đại Hành, Hòa Thọ Đông, Cẩm Lệ, Đà Nẵng 550000, Vietnam,16.0223349,108.2006855
191,Lê Đại Hành, Hòa Thọ Đông, Cẩm Lệ, Đà Nẵng 550000, Vietnam,16.0222771,108.2014396
192,Lê Đại Hành, Hòa Thọ Đông, Cẩm Lệ, Đà Nẵng 550000, Vietnam,16.0223337,108.2006288
193,Lê Đại Hành, Hòa Thọ Đông, Cẩm Lệ, Đà Nẵng 550000, Vietnam,16.0222879,108.2013738
194,Lê Đại Hành, Hòa Thọ Đông, Cẩm Lệ, Đà Nẵng 550000, Vietnam,16.0222569,108.2006067
195,Lê Đại Hành, Hòa Thọ Đông, Cẩm Lệ, Đà Nẵng 550000, Vietnam,16.0222281,108.2013256
196,Lê Đại Hành, Hòa Thọ Đông, Cẩm Lệ, Đà Nẵng 550000, Vietnam,16.022226,108.2005638
197,Lê Đại Hành, Hòa Thọ Đông, Cẩm Lệ, Đà Nẵng 550000, Vietnam,16.0220655,108.2010585
198,Lê Đại Hành, Hòa Thọ Đông, Cẩm Lệ, Đà Nẵng 550000, Vietnam,16.0222886,108.2005218
199,Lê Đại Hành, Hòa Thọ Đông, Cẩm Lệ, Đà Nẵng 550000, Vietnam,16.0222002,108.201186
200,Lê Đại Hành, Hòa Thọ Đông, Cẩm Lệ, Đà Nẵng 550000, Vietnam,16.0222718,108.2005152
201,Lê Đại Hành, Hòa Thọ Đông, Cẩm Lệ, Đà Nẵng 550000, Vietnam,16.0221565,108.2011624
202,Lê Đại Hành, Hòa Thọ Đông, Cẩm Lệ, Đà Nẵng 550000, Vietnam,16.0222347,108.2004755
203,Lê Đại Hành, Hòa Thọ Đông, Cẩm Lệ, Đà Nẵng 550000, Vietnam,16.022098,108.2011514
204,Lê Đại Hành, Hòa Thọ Đông, Cẩm Lệ, Đà Nẵng 550000, Vietnam,16.0222075,108.200418
205,Lê Đại Hành, Hòa Thọ Đông, Cẩm Lệ, Đà Nẵng 550000, Vietnam,16.0220441,108.2009725
206,Lê Đại Hành, Hòa Thọ Đông, Cẩm Lệ, Đà Nẵng 550000, Vietnam,16.0220768,108.2003801
207,Lê Đại Hành, Hòa Thọ Đông, Cẩm Lệ, Đà Nẵng 550000, Vietnam,16.0220584,108.2009253
208,Lê Đại Hành, Hòa Thọ Đông, Cẩm Lệ, Đà Nẵng 550000, Vietnam,16.0221866,108.2003312
209,Lê Đại Hành, Hòa Thọ Đông, Cẩm Lệ, Đà Nẵng 550000, Vietnam,16.022044,108.2008912
210,Lê Đại Hành, Hòa Thọ Đông, Cẩm Lệ, Đà Nẵng 550000, Vietnam,16.0221383,108.2002634
211,Lê Đại Hành, Hòa Thọ Đông, Cẩm Lệ, Đà Nẵng 550000, Vietnam,16.0220352,108.2008546
212,Lê Đại Hành, Hòa Thọ Đông, Cẩm Lệ, Đà Nẵng 550000, Vietnam,16.0219807,108.2001952
213,Lê Đại Hành, Hòa Thọ Đông, Cẩm Lệ, Đà Nẵng 550000, Vietnam,16.0220162,108.2008258
214,Lê Đại Hành, Hòa Thọ Đông, Cẩm Lệ, Đà Nẵng 550000, Vietnam,16.0219807,108.2001952
215,Lê Đại Hành, Hòa Thọ Đông, Cẩm Lệ, Đà Nẵng 550000, Vietnam,16.0220204,108.2007864
216,Lê Đại Hành, Hòa Thọ Đông, Cẩm Lệ, Đà Nẵng 550000, Vietnam,16.0220356,108.1999758
217,Lê Đại Hành, Hòa Thọ Đông, Cẩm Lệ, Đà Nẵng 550000, Vietnam,16.0219499,108.2005624
218,Lê Đại Hành, Hòa Thọ Đông, Cẩm Lệ, Đà Nẵng 550000, Vietnam,16.0219324,108.1998322
219,Lê Đại Hành, Hòa Thọ Đông, Cẩm Lệ, Đà Nẵng 550000, Vietnam,16.0219604,108.2007761
220,Lê Đại Hành, Hòa Thọ Đông, Cẩm Lệ, Đà Nẵng 550000, Vietnam,16.0219368,108.1997614
221,Lê Đại Hành, Hòa Thọ Đông, Cẩm Lệ, Đà Nẵng 550000, Vietnam,16.021962,108.200712
222,Lê Đại Hành, Hòa Thọ Đông, Cẩm Lệ, Đà Nẵng 550000, Vietnam,16.0218651,108.1998342
223,Lê Đại Hành, Hòa Thọ Đông, Cẩm Lệ, Đà Nẵng 550000, Vietnam,16.0219878,108.2006355
224,Lê Đại Hành, Hòa Thọ Đông, Cẩm Lệ, Đà Nẵng 550000, Vietnam,16.0219008,108.1996542
225,Lê Đại Hành, Hòa Thọ Đông, Cẩm Lệ, Đà Nẵng 550000, Vietnam,16.0216944,108.2001094
226,Lê Đại Hành, Hòa Thọ Đông, Cẩm Lệ, Đà Nẵng 550000, Vietnam,16.0218932,108.1995916
227,Lê Đại Hành, Hòa Thọ Đông, Cẩm Lệ, Đà Nẵng 550000, Vietnam,16.0216772,108.2000181
228,Lê Đại Hành, Hòa Thọ Đông, Cẩm Lệ, Đà Nẵng 550000, Vietnam,16.0217568,108.1995392
229,Lê Đại Hành, Hòa Thọ Đông, Cẩm Lệ, Đà Nẵng 550000, Vietnam,16.0216734,108.1999573
230,Lê Đại Hành, Hòa Thọ Đông, Cẩm Lệ, Đà Nẵng 550000, Vietnam,16.0218156,108.1994474
231,Lê Đại Hành, Hòa Thọ Đông, Cẩm Lệ, Đà Nẵng 550000, Vietnam,16.0214628,108.199867
232,Lê Đại Hành, Hòa Thọ Đông, Cẩm Lệ, Đà Nẵng 550000, Vietnam,16.0217927,108.1993922
233,Lê Đại Hành, Hòa Thọ Đông, Cẩm Lệ, Đà Nẵng 550000, Vietnam,16.0212169,108.199357
234,Lê Đại Hành, Hòa Thọ Đông, Cẩm Lệ, Đà Nẵng 550000, Vietnam,16.0217385,108.1993509
235,Lê Đại Hành, Hòa Thọ Đông, Cẩm Lệ, Đà Nẵng 550000, Vietnam,16.0214831,108.1996911
236,Lê Đại Hành, Hòa Thọ Đông, Cẩm Lệ, Đà Nẵng 550000, Vietnam,16.0217613,108.1993161
237,Lê Đại Hành, Hòa Thọ Đông, Cẩm Lệ, Đà Nẵng 550000, Vietnam,16.0215442,108.1996334
238,Lê Đại Hành, Hòa Thọ Đông, Cẩm Lệ, Đà Nẵng 550000, Vietnam,16.0217527,108.1992953
239,Lê Đại Hành, Hòa Thọ Đông, Cẩm Lệ, Đà Nẵng 550000, Vietnam,16.0215203,108.1995627
240,Lê Đại Hành, Hòa Thọ Đông, Cẩm Lệ, Đà Nẵng 550000, Vietnam,16.0217441,108.1992745
241,Lê Đại Hành, Hòa Thọ Đông, Cẩm Lệ, Đà Nẵng 550000, Vietnam,16.0213922,108.1994751
242,Lê Đại Hành, Hòa Thọ Đông, Cẩm Lệ, Đà Nẵng 550000, Vietnam,16.0217355,108.1992537
243,Lê Đại Hành, Hòa Thọ Đông, Cẩm Lệ, Đà Nẵng 550000, Vietnam,16.0213407,108.1993527
244,Lê Đại Hành, Hòa Thọ Đông, Cẩm Lệ, Đà Nẵng 550000, Vietnam,16.0215557,108.1990456
245,Lê Đại Hành, Hòa Thọ Đông, Cẩm Lệ, Đà Nẵng 550000, Vietnam,16.021289,108.1992308
246,Lê Đại Hành, Hòa Thọ Đông, Cẩm Lệ, Đà Nẵng 550000, Vietnam,16.021718,108.1992115
247,Lê Đại Hành, Hòa Thọ Đông, Cẩm Lệ, Đà Nẵng 550000, Vietnam,16.0212371,108.1991085
248,Lê Đại Hành, Hòa Thọ Đông, Cẩm Lệ, Đà Nẵng 550000, Vietnam,16.0216926,108.1991947
249,Lê Đại Hành, Hòa Thọ Đông, Cẩm Lệ, Đà Nẵng 550000, Vietnam,16.0213111,108.1989283
250,Lê Đại Hành, Hòa Thọ Đông, Cẩm Lệ, Đà Nẵng 550000, Vietnam,16.0216356,108.1990963
250,Lê Đại Hành, Hòa Thọ Đông, Cẩm Lệ, Đà Nẵng 550000, Vietnam,16.0216356,108.1990963
252,Lê Đại Hành, Hòa Thọ Đông, Cẩm Lệ, Đà Nẵng 550000, Vietnam,16.0214642,108.1988421
253,Lê Đại Hành, Hoà Phát, Cẩm Lệ, Đà Nẵng 550000, Vietnam,16.0211478,108.1988886
254,Lê Đại Hành, Hoà Phát, Cẩm Lệ, Đà Nẵng 550000, Vietnam,16.0214553,108.1985907
255,Lê Đại Hành, Hoà Phát, Cẩm Lệ, Đà Nẵng 550000, Vietnam,16.0211087,108.1987936
256,Lê Đại Hành, Hoà Phát, Cẩm Lệ, Đà Nẵng 550000, Vietnam,16.0213385,108.1983081
257,Lê Đại Hành, Hoà Phát, Cẩm Lệ, Đà Nẵng 550000, Vietnam,16.0210698,108.1986993
258,Lê Đại Hành, Hoà Phát, Cẩm Lệ, Đà Nẵng 550000, Vietnam,16.0213371,108.1982196
259,Lê Đại Hành, Hoà Phát, Cẩm Lệ, Đà Nẵng 550000, Vietnam,16.0210303,108.1986045
260,Lê Đại Hành, Hoà Phát, Cẩm Lệ, Đà Nẵng 550000, Vietnam,16.0213057,108.1981449
261,Lê Đại Hành, Hoà Phát, Cẩm Lệ, Đà Nẵng 550000, Vietnam,16.0210017,108.1985357
262,Lê Đại Hành, Hoà Phát, Cẩm Lệ, Đà Nẵng 550000, Vietnam,16.0212742,108.1980701
263,Lê Đại Hành, Hoà Phát, Cẩm Lệ, Đà Nẵng 550000, Vietnam,16.0209731,108.1984669
264,Lê Đại Hành, Hoà Phát, Cẩm Lệ, Đà Nẵng 550000, Vietnam,16.0212427,108.1979954
265,Lê Đại Hành, Hoà Phát, Cẩm Lệ, Đà Nẵng 550000, Vietnam,16.0209444,108.1983981
266,Lê Đại Hành, Hoà Phát, Cẩm Lệ, Đà Nẵng 550000, Vietnam,16.0212196,108.1979207
267,Lê Đại Hành, Hoà Phát, Cẩm Lệ, Đà Nẵng 550000, Vietnam,16.0209158,108.1983293
268,Lê Đại Hành, Hoà Phát, Cẩm Lệ, Đà Nẵng 550000, Vietnam,16.0211535,108.1977834
269,Lê Đại Hành, Hoà Phát, Cẩm Lệ, Đà Nẵng 550000, Vietnam,16.0209332,108.1982397
270,Lê Đại Hành, Hoà Phát, Cẩm Lệ, Đà Nẵng 550000, Vietnam,16.0210719,108.1976605
271,Lê Đại Hành, Hoà Phát, Cẩm Lệ, Đà Nẵng 550000, Vietnam,16.0208297,108.1981224
272,Lê Đại Hành, Hoà Phát, Cẩm Lệ, Đà Nẵng 550000, Vietnam,16.0210737,108.1975959
273,Lê Đại Hành, Hoà Phát, Cẩm Lệ, Đà Nẵng 550000, Vietnam,16.0207722,108.1979844
274,Lê Đại Hành, Hoà Phát, Cẩm Lệ, Đà Nẵng 550000, Vietnam,16.0210526,108.1975477
275,Lê Đại Hành, Hoà Phát, Cẩm Lệ, Đà Nẵng 550000, Vietnam,16.0206965,108.1978143
276,Lê Đại Hành, Hoà Phát, Cẩm Lệ, Đà Nẵng 550000, Vietnam,16.0209995,108.1975148
277,Lê Đại Hành, Hoà Phát, Cẩm Lệ, Đà Nẵng 550000, Vietnam,16.0207056,108.197622
278,Lê Đại Hành, Hoà Phát, Cẩm Lệ, Đà Nẵng 550000, Vietnam,16.0209899,108.1975089
279,Lê Đại Hành, Hoà Phát, Cẩm Lệ, Đà Nẵng 550000, Vietnam,16.0206538,108.1975163
280,Lê Đại Hành, Hoà Phát, Cẩm Lệ, Đà Nẵng 550000, Vietnam,16.0209995,108.1974367
281,Lê Đại Hành, Hoà Phát, Cẩm Lệ, Đà Nẵng 550000, Vietnam,16.0205981,108.197156
282,Lê Đại Hành, Hoà Phát, Cẩm Lệ, Đà Nẵng 550000, Vietnam,16.0209338,108.1974001
283,Lê Đại Hành, Hoà Phát, Cẩm Lệ, Đà Nẵng 550000, Vietnam,16.0205871,108.1971135
284,Lê Đại Hành, Hoà Phát, Cẩm Lệ, Đà Nẵng 550000, Vietnam,16.0209257,108.1973403
285,Lê Đại Hành, Hoà Phát, Cẩm Lệ, Đà Nẵng 550000, Vietnam,16.0205772,108.1970707
286,Lê Đại Hành, Hoà Phát, Cẩm Lệ, Đà Nẵng 550000, Vietnam,16.0209105,108.1971869
287,Lê Đại Hành, Hoà Phát, Cẩm Lệ, Đà Nẵng 550000, Vietnam,16.0205673,108.1970279
288,Lê Đại Hành, Hoà Phát, Cẩm Lệ, Đà Nẵng 550000, Vietnam,16.0207191,108.197188
289,Lê Đại Hành, Hoà Phát, Cẩm Lệ, Đà Nẵng 550000, Vietnam,16.0205574,108.1969852
290,Lê Đại Hành, Hoà Phát, Cẩm Lệ, Đà Nẵng 550000, Vietnam,16.0206988,108.1971206
291,Lê Đại Hành, Hoà Phát, Cẩm Lệ, Đà Nẵng 550000, Vietnam,16.0205483,108.1969422
292,Lê Đại Hành, Hoà Phát, Cẩm Lệ, Đà Nẵng 550000, Vietnam,16.0208381,108.1969405
293,Lê Đại Hành, Hoà Phát, Cẩm Lệ, Đà Nẵng 550000, Vietnam,16.0205407,108.1968989
294,Lê Đại Hành, Hoà Phát, Cẩm Lệ, Đà Nẵng 550000, Vietnam,16.0207683,108.1967934
295,Lê Đại Hành, Hoà Phát, Cẩm Lệ, Đà Nẵng 550000, Vietnam,16.0203174,108.1960825
296,Lê Đại Hành, Hoà Phát, Cẩm Lệ, Đà Nẵng 550000, Vietnam,16.0208145,108.196751
297,Lê Đại Hành, Hoà Phát, Cẩm Lệ, Đà Nẵng 550000, Vietnam,16.0205265,108.1968122
298,Lê Đại Hành, Hoà Phát, Cẩm Lệ, Đà Nẵng 550000, Vietnam,16.0208105,108.1967147
299,Lê Đại Hành, Hoà Phát, Cẩm Lệ, Đà Nẵng 550000, Vietnam,16.0205205,108.1967686
300,Lê Đại Hành, Hoà Phát, Cẩm Lệ, Đà Nẵng 550000, Vietnam,16.0208064,108.1966783
301,Lê Đại Hành, Hoà Phát, Cẩm Lệ, Đà Nẵng 550000, Vietnam,16.0203208,108.1958857
302,Lê Đại Hành, Hoà Phát, Cẩm Lệ, Đà Nẵng 550000, Vietnam,16.0207823,108.1968726
303,Lê Đại Hành, Hoà Phát, Cẩm Lệ, Đà Nẵng 550000, Vietnam,16.0205083,108.1966815
304,Lê Đại Hành, Hoà Phát, Cẩm Lệ, Đà Nẵng 550000, Vietnam,16.0207984,108.1966055
305,Lê Đại Hành, Hoà Phát, Cẩm Lệ, Đà Nẵng 550000, Vietnam,16.0205017,108.1966381
306,Lê Đại Hành, Hoà Phát, Cẩm Lệ, Đà Nẵng 550000, Vietnam,16.0207938,108.1965668
307,Lê Đại Hành, Hoà Phát, Cẩm Lệ, Đà Nẵng 550000, Vietnam,16.020495,108.1965946
308,Lê Đại Hành, Hoà Phát, Cẩm Lệ, Đà Nẵng 550000, Vietnam,16.0207892,108.1965305
309,Lê Đại Hành, Hoà Phát, Cẩm Lệ, Đà Nẵng 550000, Vietnam,16.0203176,108.1957556
310,Lê Đại Hành, Hoà Phát, Cẩm Lệ, Đà Nẵng 550000, Vietnam,16.0207903,108.1964883
311,Lê Đại Hành, Hoà Phát, Cẩm Lệ, Đà Nẵng 550000, Vietnam,16.0202994,108.1957008
312,Lê Đại Hành, Hoà Phát, Cẩm Lệ, Đà Nẵng 550000, Vietnam,16.0207802,108.1964578
313,Lê Đại Hành, Hoà Phát, Cẩm Lệ, Đà Nẵng 550000, Vietnam,16.0204749,108.1964643
314,Lê Đại Hành, Hoà Phát, Cẩm Lệ, Đà Nẵng 550000, Vietnam,16.0207756,108.1964214
315,Lê Đại Hành, Hoà Phát, Cẩm Lệ, Đà Nẵng 550000, Vietnam,16.0204682,108.1964209
316,Lê Đại Hành, Hoà Phát, Cẩm Lệ, Đà Nẵng 550000, Vietnam,16.0207375,108.1963873
317,Lê Đại Hành, Hoà Phát, Cẩm Lệ, Đà Nẵng 550000, Vietnam,16.0202306,108.1955588
318,Lê Đại Hành, Hoà Phát, Cẩm Lệ, Đà Nẵng 550000, Vietnam,16.0207659,108.1963434
319,Lê Đại Hành, Hoà Phát, Cẩm Lệ, Đà Nẵng 550000, Vietnam,16.0202188,108.1954645
320,Lê Đại Hành, Hoà Phát, Cẩm Lệ, Đà Nẵng 550000, Vietnam,16.0207607,108.1963017
321,Lê Đại Hành, Hoà Phát, Cẩm Lệ, Đà Nẵng 550000, Vietnam,16.0203459,108.1953536
322,Lê Đại Hành, Hoà Phát, Cẩm Lệ, Đà Nẵng 550000, Vietnam,16.0207613,108.1962591
323,Lê Đại Hành, Hoà Phát, Cẩm Lệ, Đà Nẵng 550000, Vietnam,16.0202676,108.1952711
324,Lê Đại Hành, Hoà Phát, Cẩm Lệ, Đà Nẵng 550000, Vietnam,16.0207503,108.1962182
325,Lê Đại Hành, Hoà Phát, Cẩm Lệ, Đà Nẵng 550000, Vietnam,16.0202336,108.1951782
326,Lê Đại Hành, Hoà Phát, Cẩm Lệ, Đà Nẵng 550000, Vietnam,16.0207451,108.1961765
327,Lê Đại Hành, Hoà Phát, Cẩm Lệ, Đà Nẵng 550000, Vietnam,16.0202245,108.1950828
328,Lê Đại Hành, Hoà Phát, Cẩm Lệ, Đà Nẵng 550000, Vietnam,16.0207399,108.1961348
329,Lê Đại Hành, Hoà Phát, Cẩm Lệ, Đà Nẵng 550000, Vietnam,16.0202154,108.1949874
330,Lê Đại Hành, Hoà Phát, Cẩm Lệ, Đà Nẵng 550000, Vietnam,16.0206749,108.1961011
331,Lê Đại Hành, Hoà Phát, Cẩm Lệ, Đà Nẵng 550000, Vietnam,16.0202063,108.194892
332,Lê Đại Hành, Hoà Phát, Cẩm Lệ, Đà Nẵng 550000, Vietnam,16.020729,108.1960479
333,Lê Đại Hành, Hoà Phát, Cẩm Lệ, Đà Nẵng 550000, Vietnam,16.0201973,108.1947966
334,Lê Đại Hành, Hoà Phát, Cẩm Lệ, Đà Nẵng 550000, Vietnam,16.0207234,108.1960028
335,Lê Đại Hành, Hoà Phát, Cẩm Lệ, Đà Nẵng 550000, Vietnam,16.0201631,108.1947037
428/1,/14B Đ. Tôn Đản, Hoà An, Cẩm Lệ, Đà Nẵng, Vietnam,16.0433422,108.1820037
318/2,Đ. Tôn Đản, Hoà An, Cẩm Lệ, Đà Nẵng 550000, Vietnam,16.0487848,108.1811315
3,Đ. Tôn Đản, Hoà Phát, Cẩm Lệ, Đà Nẵng, Vietnam,16.0342162,108.1847783
4,Đ. Tôn Đản, Hoà Phát, Cẩm Lệ, Đà Nẵng, Vietnam,16.0342162,108.1847783
5,Đ. Tôn Đản, Hoà Phát, Cẩm Lệ, Đà Nẵng, Vietnam,16.0342161,108.1847783
6,Đ. Tôn Đản, Hoà Phát, Cẩm Lệ, Đà Nẵng, Vietnam,16.0342161,108.1847783
7,Đ. Tôn Đản, Hoà Phát, Cẩm Lệ, Đà Nẵng, Vietnam,16.034216,108.1847783
8,Đ. Tôn Đản, Hoà Phát, Cẩm Lệ, Đà Nẵng, Vietnam,16.034216,108.1847783
9,Đ. Tôn Đản, Hoà Phát, Cẩm Lệ, Đà Nẵng, Vietnam,16.0342159,108.1847783
10,Đ. Tôn Đản, Hoà Phát, Cẩm Lệ, Đà Nẵng, Vietnam,16.0342159,108.1847783
11,Đ. Tôn Đản, Hoà Phát, Cẩm Lệ, Đà Nẵng, Vietnam,16.0342158,108.1847783
12,Đ. Tôn Đản, Hoà Phát, Cẩm Lệ, Đà Nẵng, Vietnam,16.0342158,108.1847783
13,Đ. Tôn Đản, Hoà Phát, Cẩm Lệ, Đà Nẵng, Vietnam,16.0342157,108.1847783
14,Đ. Tôn Đản, Hoà Phát, Cẩm Lệ, Đà Nẵng, Vietnam,16.0342157,108.1847783
15,Đ. Tôn Đản, Hoà Phát, Cẩm Lệ, Đà Nẵng, Vietnam,16.0342156,108.1847784
16,Đ. Tôn Đản, Hoà Phát, Cẩm Lệ, Đà Nẵng, Vietnam,16.0342156,108.1847784
17,Đ. Tôn Đản, Hoà Phát, Cẩm Lệ, Đà Nẵng, Vietnam,16.0342155,108.1847784
18,Đ. Tôn Đản, Hoà Phát, Cẩm Lệ, Đà Nẵng, Vietnam,16.0342155,108.1847784
19,Đ. Tôn Đản, Hoà Phát, Cẩm Lệ, Đà Nẵng, Vietnam,16.0342154,108.1847784
20,Đ. Tôn Đản, Hoà Phát, Cẩm Lệ, Đà Nẵng, Vietnam,16.0342154,108.1847784
21,Đ. Tôn Đản, Hoà Phát, Cẩm Lệ, Đà Nẵng, Vietnam,16.0342153,108.1847784
22,Đ. Tôn Đản, Hoà Phát, Cẩm Lệ, Đà Nẵng, Vietnam,16.0342152,108.1847784
23,Đ. Tôn Đản, Hoà Phát, Cẩm Lệ, Đà Nẵng, Vietnam,16.0342152,108.1847784
24,Đ. Tôn Đản, Hoà Phát, Cẩm Lệ, Đà Nẵng, Vietnam,16.0342151,108.1847784
25,Đ. Tôn Đản, Hoà Phát, Cẩm Lệ, Đà Nẵng, Vietnam,16.0342151,108.1847784
26,Đ. Tôn Đản, Hoà Phát, Cẩm Lệ, Đà Nẵng, Vietnam,16.034215,108.1847784
27,Đ. Tôn Đản, Hoà Phát, Cẩm Lệ, Đà Nẵng, Vietnam,16.034215,108.1847784
28,Đ. Tôn Đản, Hoà Phát, Cẩm Lệ, Đà Nẵng, Vietnam,16.0342149,108.1847784
29,Đ. Tôn Đản, Hoà Phát, Cẩm Lệ, Đà Nẵng, Vietnam,16.0342149,108.1847785
30,Đ. Tôn Đản, Hoà Phát, Cẩm Lệ, Đà Nẵng, Vietnam,16.0342148,108.1847785
31,Đ. Tôn Đản, Hoà Phát, Cẩm Lệ, Đà Nẵng, Vietnam,16.0342148,108.1847785
32,Đ. Tôn Đản, Hoà Phát, Cẩm Lệ, Đà Nẵng, Vietnam,16.0342147,108.1847785
33,Đ. Tôn Đản, Hoà Phát, Cẩm Lệ, Đà Nẵng, Vietnam,16.0342147,108.1847785
34,Đ. Tôn Đản, Hoà Phát, Cẩm Lệ, Đà Nẵng, Vietnam,16.0342146,108.1847785
35,Đ. Tôn Đản, Hoà Phát, Cẩm Lệ, Đà Nẵng, Vietnam,16.0342146,108.1847785
36,Đ. Tôn Đản, Hoà Phát, Cẩm Lệ, Đà Nẵng, Vietnam,16.0342145,108.1847785
37,Đ. Tôn Đản, Hoà Phát, Cẩm Lệ, Đà Nẵng, Vietnam,16.0342145,108.1847785
38,Đ. Tôn Đản, Hoà Phát, Cẩm Lệ, Đà Nẵng, Vietnam,16.0342144,108.1847785
39,Đ. Tôn Đản, Hoà Phát, Cẩm Lệ, Đà Nẵng, Vietnam,16.0342144,108.1847785
40,Đ. Tôn Đản, Hoà Phát, Cẩm Lệ, Đà Nẵng, Vietnam,16.0342143,108.1847785
41,Đ. Tôn Đản, Hoà Phát, Cẩm Lệ, Đà Nẵng, Vietnam,16.0342142,108.1847785
42,Đ. Tôn Đản, Hoà Phát, Cẩm Lệ, Đà Nẵng, Vietnam,16.0342142,108.1847786
43,Đ. Tôn Đản, Hoà Phát, Cẩm Lệ, Đà Nẵng, Vietnam,16.0342141,108.1847786
51,Đ. Tôn Đản, Hoà Phát, Cẩm Lệ, Đà Nẵng, Vietnam,16.0342137,108.1847786
52,Đ. Tôn Đản, Hoà Phát, Cẩm Lệ, Đà Nẵng, Vietnam,16.0342137,108.1847786
53,Đ. Tôn Đản, Hoà Phát, Cẩm Lệ, Đà Nẵng, Vietnam,16.0342136,108.1847786
54,Đ. Tôn Đản, Hoà Phát, Cẩm Lệ, Đà Nẵng, Vietnam,16.0342136,108.1847786
55,Đ. Tôn Đản, Hoà Phát, Cẩm Lệ, Đà Nẵng, Vietnam,16.0342135,108.1847787
56,Đ. Tôn Đản, Hoà Phát, Cẩm Lệ, Đà Nẵng, Vietnam,16.0342135,108.1847787
57,Đ. Tôn Đản, Hoà Phát, Cẩm Lệ, Đà Nẵng, Vietnam,16.0342134,108.1847787
58,Đ. Tôn Đản, Hoà Phát, Cẩm Lệ, Đà Nẵng, Vietnam,16.0342134,108.1847787
59,Đ. Tôn Đản, Hoà Phát, Cẩm Lệ, Đà Nẵng, Vietnam,16.0342133,108.1847787
60,Đ. Tôn Đản, Hoà Phát, Cẩm Lệ, Đà Nẵng, Vietnam,16.0342132,108.1847787
61,Đ. Tôn Đản, Hoà Phát, Cẩm Lệ, Đà Nẵng, Vietnam,16.0342132,108.1847787
62,Đ. Tôn Đản, Hoà Phát, Cẩm Lệ, Đà Nẵng, Vietnam,16.0342131,108.1847787
63,Đ. Tôn Đản, Hoà Phát, Cẩm Lệ, Đà Nẵng, Vietnam,16.0342131,108.1847787
64,Đ. Tôn Đản, Hoà Phát, Cẩm Lệ, Đà Nẵng, Vietnam,16.034213,108.1847787
65,Đ. Tôn Đản, Hoà Phát, Cẩm Lệ, Đà Nẵng, Vietnam,16.034213,108.1847787
66,Đ. Tôn Đản, Hoà Phát, Cẩm Lệ, Đà Nẵng, Vietnam,16.0342129,108.1847787
67,Đ. Tôn Đản, Hoà Phát, Cẩm Lệ, Đà Nẵng, Vietnam,16.0342129,108.1847787
68,Đ. Tôn Đản, Hoà Phát, Cẩm Lệ, Đà Nẵng, Vietnam,16.0342128,108.1847788
69,Đ. Tôn Đản, Hoà Phát, Cẩm Lệ, Đà Nẵng, Vietnam,16.0342128,108.1847788
70,Đ. Tôn Đản, Hoà Phát, Cẩm Lệ, Đà Nẵng, Vietnam,16.0342127,108.1847788
71,Đ. Tôn Đản, Hoà Phát, Cẩm Lệ, Đà Nẵng, Vietnam,16.0342127,108.1847788
72,Đ. Tôn Đản, Hoà Phát, Cẩm Lệ, Đà Nẵng, Vietnam,16.0342126,108.1847788
73,Đ. Tôn Đản, Hoà Phát, Cẩm Lệ, Đà Nẵng, Vietnam,16.0342126,108.1847788
74,Đ. Tôn Đản, Hoà Phát, Cẩm Lệ, Đà Nẵng, Vietnam,16.0342125,108.1847788
75,Đ. Tôn Đản, Hoà Phát, Cẩm Lệ, Đà Nẵng, Vietnam,16.0342125,108.1847788
76,Đ. Tôn Đản, Hoà Phát, Cẩm Lệ, Đà Nẵng, Vietnam,16.0342124,108.1847788
77,Đ. Tôn Đản, Hoà Phát, Cẩm Lệ, Đà Nẵng, Vietnam,16.0342124,108.1847788
78,Đ. Tôn Đản, Hoà Phát, Cẩm Lệ, Đà Nẵng, Vietnam,16.0342123,108.1847788
79,Đ. Tôn Đản, Hoà Phát, Cẩm Lệ, Đà Nẵng, Vietnam,16.0342122,108.1847788
80,Đ. Tôn Đản, Hoà Phát, Cẩm Lệ, Đà Nẵng, Vietnam,16.0342122,108.1847788
81,Đ. Tôn Đản, Hoà Phát, Cẩm Lệ, Đà Nẵng, Vietnam,16.0342121,108.1847789
82,Đ. Tôn Đản, Hoà Phát, Cẩm Lệ, Đà Nẵng, Vietnam,16.0342121,108.1847789
83,Đ. Tôn Đản, Hoà Phát, Cẩm Lệ, Đà Nẵng, Vietnam,16.034212,108.1847789
84,Đ. Tôn Đản, Hoà Phát, Cẩm Lệ, Đà Nẵng, Vietnam,16.034212,108.1847789
85,Đ. Tôn Đản, Hoà Phát, Cẩm Lệ, Đà Nẵng, Vietnam,16.0342119,108.1847789
86,Đ. Tôn Đản, Hoà Phát, Cẩm Lệ, Đà Nẵng, Vietnam,16.0342119,108.1847789
87,Đ. Tôn Đản, Hoà Phát, Cẩm Lệ, Đà Nẵng, Vietnam,16.0342118,108.1847789
88,Đ. Tôn Đản, Hoà Phát, Cẩm Lệ, Đà Nẵng, Vietnam,16.0342118,108.1847789
89,Đ. Tôn Đản, Hoà Phát, Cẩm Lệ, Đà Nẵng, Vietnam,16.0342117,108.1847789
90,Đ. Tôn Đản, Hoà Phát, Cẩm Lệ, Đà Nẵng, Vietnam,16.0342117,108.1847789
91,Đ. Tôn Đản, Hoà Phát, Cẩm Lệ, Đà Nẵng, Vietnam,16.0342116,108.1847789
92,Đ. Tôn Đản, Hoà Phát, Cẩm Lệ, Đà Nẵng, Vietnam,16.0342116,108.1847789
93,Đ. Tôn Đản, Hoà Phát, Cẩm Lệ, Đà Nẵng, Vietnam,16.0342115,108.1847789
94,Đ. Tôn Đản, Hoà Phát, Cẩm Lệ, Đà Nẵng, Vietnam,16.0342115,108.184779
95,Đ. Tôn Đản, Hoà Phát, Cẩm Lệ, Đà Nẵng, Vietnam,16.0342114,108.184779
96,Đ. Tôn Đản, Hoà Phát, Cẩm Lệ, Đà Nẵng, Vietnam,16.0342114,108.184779
97,Đ. Tôn Đản, Hoà Phát, Cẩm Lệ, Đà Nẵng, Vietnam,16.0342113,108.184779
98,Đ. Tôn Đản, Hoà Phát, Cẩm Lệ, Đà Nẵng, Vietnam,16.0342113,108.184779
99,Đ. Tôn Đản, Hoà Phát, Cẩm Lệ, Đà Nẵng, Vietnam,16.0342112,108.184779
100,Đ. Tôn Đản, Hoà Phát, Cẩm Lệ, Đà Nẵng, Vietnam,16.0342111,108.184779
101,Đ. Tôn Đản, Hoà Phát, Cẩm Lệ, Đà Nẵng, Vietnam,16.0342111,108.184779
102,Đ. Tôn Đản, Hoà Phát, Cẩm Lệ, Đà Nẵng, Vietnam,16.034211,108.184779
103,Đ. Tôn Đản, Hoà Phát, Cẩm Lệ, Đà Nẵng, Vietnam,16.034211,108.184779
104,Đ. Tôn Đản, Hoà Phát, Cẩm Lệ, Đà Nẵng, Vietnam,16.0342109,108.184779
105,Đ. Tôn Đản, Hoà Phát, Cẩm Lệ, Đà Nẵng, Vietnam,16.0342109,108.184779
106,Đ. Tôn Đản, Hoà Phát, Cẩm Lệ, Đà Nẵng, Vietnam,16.0342108,108.184779
107,Đ. Tôn Đản, Hoà Phát, Cẩm Lệ, Đà Nẵng, Vietnam,16.0342108,108.1847791
108,Đ. Tôn Đản, Hoà Phát, Cẩm Lệ, Đà Nẵng, Vietnam,16.0342107,108.1847791
109,Đ. Tôn Đản, Hoà Phát, Cẩm Lệ, Đà Nẵng, Vietnam,16.0342107,108.1847791
110,Đ. Tôn Đản, Hoà Phát, Cẩm Lệ, Đà Nẵng, Vietnam,16.0342106,108.1847791
111,Đ. Tôn Đản, Hoà Phát, Cẩm Lệ, Đà Nẵng, Vietnam,16.0342106,108.1847791
112,Đ. Tôn Đản, Hoà Phát, Cẩm Lệ, Đà Nẵng, Vietnam,16.0342105,108.1847791
113,Đ. Tôn Đản, Hoà Phát, Cẩm Lệ, Đà Nẵng, Vietnam,16.0342105,108.1847791
114,Đ. Tôn Đản, Hoà Phát, Cẩm Lệ, Đà Nẵng, Vietnam,16.0342104,108.1847791
115,Đ. Tôn Đản, Hoà Phát, Cẩm Lệ, Đà Nẵng, Vietnam,16.0342104,108.1847791
116,Đ. Tôn Đản, Hoà Phát, Cẩm Lệ, Đà Nẵng, Vietnam,16.0342103,108.1847791
117,Đ. Tôn Đản, Hoà Phát, Cẩm Lệ, Đà Nẵng, Vietnam,16.0342103,108.1847791
118,Đ. Tôn Đản, Hoà Phát, Cẩm Lệ, Đà Nẵng, Vietnam,16.0342102,108.1847791
119,Đ. Tôn Đản, Hoà Phát, Cẩm Lệ, Đà Nẵng, Vietnam,16.0342101,108.1847791
120,Đ. Tôn Đản, Hoà Phát, Cẩm Lệ, Đà Nẵng, Vietnam,16.0342101,108.1847792
121,Đ. Tôn Đản, Hoà Phát, Cẩm Lệ, Đà Nẵng, Vietnam,16.03421,108.1847792
122,Đ. Tôn Đản, Hoà Phát, Cẩm Lệ, Đà Nẵng, Vietnam,16.03421,108.1847792
123,Đ. Tôn Đản, Hoà Phát, Cẩm Lệ, Đà Nẵng, Vietnam,16.0342099,108.1847792
124,Đ. Tôn Đản, Hoà Phát, Cẩm Lệ, Đà Nẵng, Vietnam,16.0342099,108.1847792
125,Đ. Tôn Đản, Hoà Phát, Cẩm Lệ, Đà Nẵng, Vietnam,16.0342098,108.1847792
126,Đ. Tôn Đản, Hoà Phát, Cẩm Lệ, Đà Nẵng, Vietnam,16.0342098,108.1847792
127,Đ. Tôn Đản, Hoà Phát, Cẩm Lệ, Đà Nẵng, Vietnam,16.0342097,108.1847792
128,Đ. Tôn Đản, Hoà Phát, Cẩm Lệ, Đà Nẵng, Vietnam,16.0342097,108.1847792
129,Đ. Tôn Đản, Hoà Phát, Cẩm Lệ, Đà Nẵng, Vietnam,16.0342096,108.1847792
130,Đ. Tôn Đản, Hoà Phát, Cẩm Lệ, Đà Nẵng, Vietnam,16.0342096,108.1847792
131,Đ. Tôn Đản, Hoà Phát, Cẩm Lệ, Đà Nẵng, Vietnam,16.0342095,108.1847792
132,Đ. Tôn Đản, Hoà Phát, Cẩm Lệ, Đà Nẵng, Vietnam,16.0342095,108.1847792
133,Đ. Tôn Đản, Hoà Phát, Cẩm Lệ, Đà Nẵng, Vietnam,16.0342094,108.1847793
134,Đ. Tôn Đản, Hoà Phát, Cẩm Lệ, Đà Nẵng, Vietnam,16.0342094,108.1847793
135,Đ. Tôn Đản, Hoà Phát, Cẩm Lệ, Đà Nẵng, Vietnam,16.0342093,108.1847793
136,Đ. Tôn Đản, Hoà Phát, Cẩm Lệ, Đà Nẵng, Vietnam,16.0342093,108.1847793
137,Đ. Tôn Đản, Hoà Phát, Cẩm Lệ, Đà Nẵng, Vietnam,16.0342092,108.1847793
138,Đ. Tôn Đản, Hoà Phát, Cẩm Lệ, Đà Nẵng, Vietnam,16.0342091,108.1847793
139,Đ. Tôn Đản, Hoà Phát, Cẩm Lệ, Đà Nẵng, Vietnam,16.0342091,108.1847793
140,Đ. Tôn Đản, Hoà Phát, Cẩm Lệ, Đà Nẵng, Vietnam,16.034209,108.1847793
141,Đ. Tôn Đản, Hoà Phát, Cẩm Lệ, Đà Nẵng, Vietnam,16.034209,108.1847793
142,Đ. Tôn Đản, Hoà Phát, Cẩm Lệ, Đà Nẵng, Vietnam,16.0342089,108.1847793
143,Đ. Tôn Đản, Hoà Phát, Cẩm Lệ, Đà Nẵng, Vietnam,16.0342089,108.1847793
144,Đ. Tôn Đản, Hoà Phát, Cẩm Lệ, Đà Nẵng, Vietnam,16.0342088,108.1847793
145,Đ. Tôn Đản, Hoà Phát, Cẩm Lệ, Đà Nẵng, Vietnam,16.0342088,108.1847793
146,Đ. Tôn Đản, Hoà Phát, Cẩm Lệ, Đà Nẵng, Vietnam,16.0342087,108.1847794
147,Đ. Tôn Đản, Hoà Phát, Cẩm Lệ, Đà Nẵng, Vietnam,16.0342087,108.1847794
148,Đ. Tôn Đản, Hoà Phát, Cẩm Lệ, Đà Nẵng, Vietnam,16.0342086,108.1847794
149,Đ. Tôn Đản, Hoà Phát, Cẩm Lệ, Đà Nẵng, Vietnam,16.0342086,108.1847794
150,Đ. Tôn Đản, Hoà Phát, Cẩm Lệ, Đà Nẵng, Vietnam,16.0342085,108.1847794
151,Đ. Tôn Đản, Hoà Phát, Cẩm Lệ, Đà Nẵng, Vietnam,16.0342085,108.1847794
152,Đ. Tôn Đản, Hoà Phát, Cẩm Lệ, Đà Nẵng, Vietnam,16.0342084,108.1847794
153,Đ. Tôn Đản, Hoà Phát, Cẩm Lệ, Đà Nẵng, Vietnam,16.0342084,108.1847794
154,Đ. Tôn Đản, Hoà Phát, Cẩm Lệ, Đà Nẵng, Vietnam,16.0342083,108.1847794
155,Đ. Tôn Đản, Hoà Phát, Cẩm Lệ, Đà Nẵng, Vietnam,16.0342083,108.1847794
156,Đ. Tôn Đản, Hoà Phát, Cẩm Lệ, Đà Nẵng, Vietnam,16.0342082,108.1847794
157,Đ. Tôn Đản, Hoà Phát, Cẩm Lệ, Đà Nẵng, Vietnam,16.0342081,108.1847794
158,Đ. Tôn Đản, Hoà Phát, Cẩm Lệ, Đà Nẵng, Vietnam,16.0342081,108.1847794
159,Đ. Tôn Đản, Hoà Phát, Cẩm Lệ, Đà Nẵng, Vietnam,16.034208,108.1847794
160,Đ. Tôn Đản, Hoà Phát, Cẩm Lệ, Đà Nẵng, Vietnam,16.034208,108.1847795
161,Đ. Tôn Đản, Hoà Phát, Cẩm Lệ, Đà Nẵng, Vietnam,16.0342079,108.1847795
162,Đ. Tôn Đản, Hoà Phát, Cẩm Lệ, Đà Nẵng, Vietnam,16.0342079,108.1847795
163,Đ. Tôn Đản, Hoà Phát, Cẩm Lệ, Đà Nẵng, Vietnam,16.0342078,108.1847795
164,Đ. Tôn Đản, Hoà Phát, Cẩm Lệ, Đà Nẵng, Vietnam,16.0342078,108.1847795
165,Đ. Tôn Đản, Hoà Phát, Cẩm Lệ, Đà Nẵng, Vietnam,16.0342077,108.1847795
166,Đ. Tôn Đản, Hoà Phát, Cẩm Lệ, Đà Nẵng, Vietnam,16.0342077,108.1847795
167,Đ. Tôn Đản, Hoà Phát, Cẩm Lệ, Đà Nẵng, Vietnam,16.0342076,108.1847795
168,Đ. Tôn Đản, Hoà Phát, Cẩm Lệ, Đà Nẵng, Vietnam,16.0342076,108.1847795
169,Đ. Tôn Đản, Hoà Phát, Cẩm Lệ, Đà Nẵng, Vietnam,16.0342075,108.1847795
170,Đ. Tôn Đản, Hoà Phát, Cẩm Lệ, Đà Nẵng, Vietnam,16.0342075,108.1847795
171,Đ. Tôn Đản, Hoà Phát, Cẩm Lệ, Đà Nẵng, Vietnam,16.0342074,108.1847795
172,Đ. Tôn Đản, Hoà Phát, Cẩm Lệ, Đà Nẵng, Vietnam,16.0342074,108.1847795
173,Đ. Tôn Đản, Hoà Phát, Cẩm Lệ, Đà Nẵng, Vietnam,16.0342073,108.1847796
174,Đ. Tôn Đản, Hoà Phát, Cẩm Lệ, Đà Nẵng, Vietnam,16.0342073,108.1847796
175,Đ. Tôn Đản, Hoà Phát, Cẩm Lệ, Đà Nẵng, Vietnam,16.0342072,108.1847796
176,Đ. Tôn Đản, Hoà Phát, Cẩm Lệ, Đà Nẵng, Vietnam,16.0342071,108.1847796
177,Đ. Tôn Đản, Hoà Phát, Cẩm Lệ, Đà Nẵng, Vietnam,16.0342071,108.1847796
178,Đ. Tôn Đản, Hoà Phát, Cẩm Lệ, Đà Nẵng, Vietnam,16.034207,108.1847796
179,Đ. Tôn Đản, Hoà Phát, Cẩm Lệ, Đà Nẵng, Vietnam,16.034207,108.1847796
180,Đ. Tôn Đản, Hoà Phát, Cẩm Lệ, Đà Nẵng, Vietnam,16.0342069,108.1847796
181,Đ. Tôn Đản, Hoà Phát, Cẩm Lệ, Đà Nẵng, Vietnam,16.0342069,108.1847796
182,Đ. Tôn Đản, Hoà Phát, Cẩm Lệ, Đà Nẵng, Vietnam,16.0342068,108.1847796
183,Đ. Tôn Đản, Hoà Phát, Cẩm Lệ, Đà Nẵng, Vietnam,16.0342068,108.1847796
184,Đ. Tôn Đản, Hoà Phát, Cẩm Lệ, Đà Nẵng, Vietnam,16.0342067,108.1847796
185,Đ. Tôn Đản, Hoà Phát, Cẩm Lệ, Đà Nẵng, Vietnam,16.0342067,108.1847796
186,Đ. Tôn Đản, Hoà Phát, Cẩm Lệ, Đà Nẵng, Vietnam,16.0342066,108.1847797
187,Đ. Tôn Đản, Hoà Phát, Cẩm Lệ, Đà Nẵng, Vietnam,16.0342066,108.1847797
188,Đ. Tôn Đản, Hoà Phát, Cẩm Lệ, Đà Nẵng, Vietnam,16.0342065,108.1847797
189,Đ. Tôn Đản, Hoà Phát, Cẩm Lệ, Đà Nẵng, Vietnam,16.0342065,108.1847797
190,Đ. Tôn Đản, Hoà Phát, Cẩm Lệ, Đà Nẵng, Vietnam,16.0342064,108.1847797
191,Đ. Tôn Đản, Hoà Phát, Cẩm Lệ, Đà Nẵng, Vietnam,16.0342064,108.1847797
192,Đ. Tôn Đản, Hoà Phát, Cẩm Lệ, Đà Nẵng, Vietnam,16.0342063,108.1847797
193,Đ. Tôn Đản, Hoà Phát, Cẩm Lệ, Đà Nẵng, Vietnam,16.0342063,108.1847797
194,Đ. Tôn Đản, Hoà Phát, Cẩm Lệ, Đà Nẵng, Vietnam,16.0342062,108.1847797
195,Đ. Tôn Đản, Hoà Phát, Cẩm Lệ, Đà Nẵng, Vietnam,16.0342061,108.1847797
196,Đ. Tôn Đản, Hoà Phát, Cẩm Lệ, Đà Nẵng, Vietnam,16.0342061,108.1847797
197,Đ. Tôn Đản, Hoà Phát, Cẩm Lệ, Đà Nẵng, Vietnam,16.034206,108.1847797
198,Đ. Tôn Đản, Hoà Phát, Cẩm Lệ, Đà Nẵng, Vietnam,16.034206,108.1847797
199,Đ. Tôn Đản, Hoà Phát, Cẩm Lệ, Đà Nẵng, Vietnam,16.0342059,108.1847798
200,Đ. Tôn Đản, Hoà Phát, Cẩm Lệ, Đà Nẵng, Vietnam,16.0342059,108.1847798
201,Đ. Tôn Đản, Hoà Phát, Cẩm Lệ, Đà Nẵng, Vietnam,16.0342058,108.1847798
202,Đ. Tôn Đản, Hoà Phát, Cẩm Lệ, Đà Nẵng, Vietnam,16.0342058,108.1847798
203,Đ. Tôn Đản, Hoà Phát, Cẩm Lệ, Đà Nẵng, Vietnam,16.0342057,108.1847798
204,Đ. Tôn Đản, Hoà Phát, Cẩm Lệ, Đà Nẵng, Vietnam,16.0342057,108.1847798
205,Đ. Tôn Đản, Hoà Phát, Cẩm Lệ, Đà Nẵng, Vietnam,16.0342056,108.1847798
206,Đ. Tôn Đản, Hoà Phát, Cẩm Lệ, Đà Nẵng, Vietnam,16.0342056,108.1847798
207,Đ. Tôn Đản, Hoà Phát, Cẩm Lệ, Đà Nẵng, Vietnam,16.0342055,108.1847798
208,Đ. Tôn Đản, Hoà Phát, Cẩm Lệ, Đà Nẵng, Vietnam,16.0342055,108.1847798
209,Đ. Tôn Đản, Hoà Phát, Cẩm Lệ, Đà Nẵng, Vietnam,16.0342054,108.1847798
210,Đ. Tôn Đản, Hoà Phát, Cẩm Lệ, Đà Nẵng, Vietnam,16.0342054,108.1847798
211,Đ. Tôn Đản, Hoà Phát, Cẩm Lệ, Đà Nẵng, Vietnam,16.0342053,108.1847798
212,Đ. Tôn Đản, Hoà Phát, Cẩm Lệ, Đà Nẵng, Vietnam,16.0342053,108.1847799
213,Đ. Tôn Đản, Hoà Phát, Cẩm Lệ, Đà Nẵng, Vietnam,16.0342052,108.1847799
214,Đ. Tôn Đản, Hoà Phát, Cẩm Lệ, Đà Nẵng, Vietnam,16.0342051,108.1847799
215,Đ. Tôn Đản, Hoà Phát, Cẩm Lệ, Đà Nẵng, Vietnam,16.0342051,108.1847799
216,Đ. Tôn Đản, Hoà Phát, Cẩm Lệ, Đà Nẵng, Vietnam,16.034205,108.1847799
217,Đ. Tôn Đản, Hoà Phát, Cẩm Lệ, Đà Nẵng, Vietnam,16.034205,108.1847799
218,Đ. Tôn Đản, Hoà Phát, Cẩm Lệ, Đà Nẵng, Vietnam,16.0342049,108.1847799
219,Đ. Tôn Đản, Hoà Phát, Cẩm Lệ, Đà Nẵng, Vietnam,16.0342049,108.1847799
220,Đ. Tôn Đản, Hoà Phát, Cẩm Lệ, Đà Nẵng, Vietnam,16.0342048,108.1847799
221,Đ. Tôn Đản, Hoà Phát, Cẩm Lệ, Đà Nẵng, Vietnam,16.0342048,108.1847799
222,Đ. Tôn Đản, Hoà Phát, Cẩm Lệ, Đà Nẵng, Vietnam,16.0342047,108.1847799
223,Đ. Tôn Đản, Hoà Phát, Cẩm Lệ, Đà Nẵng, Vietnam,16.0342047,108.1847799
224,Đ. Tôn Đản, Hoà Phát, Cẩm Lệ, Đà Nẵng, Vietnam,16.0342046,108.1847799
225,Đ. Tôn Đản, Hoà Phát, Cẩm Lệ, Đà Nẵng, Vietnam,16.0342046,108.18478
226,Đ. Tôn Đản, Hoà Phát, Cẩm Lệ, Đà Nẵng, Vietnam,16.0342045,108.18478
227,Đ. Tôn Đản, Hoà Phát, Cẩm Lệ, Đà Nẵng, Vietnam,16.0342045,108.18478
228,Đ. Tôn Đản, Hoà Phát, Cẩm Lệ, Đà Nẵng, Vietnam,16.0342044,108.18478
229,Đ. Tôn Đản, Hoà Phát, Cẩm Lệ, Đà Nẵng, Vietnam,16.0342044,108.18478
230,Đ. Tôn Đản, Hoà Phát, Cẩm Lệ, Đà Nẵng, Vietnam,16.0342043,108.18478
231,Đ. Tôn Đản, Hoà Phát, Cẩm Lệ, Đà Nẵng, Vietnam,16.0342043,108.18478
232,Đ. Tôn Đản, Hoà Phát, Cẩm Lệ, Đà Nẵng, Vietnam,16.0342042,108.18478
233,Đ. Tôn Đản, Hoà Phát, Cẩm Lệ, Đà Nẵng, Vietnam,16.0342042,108.18478
234,Đ. Tôn Đản, Hoà Phát, Cẩm Lệ, Đà Nẵng, Vietnam,16.0342041,108.18478
235,Đ. Tôn Đản, Hoà Phát, Cẩm Lệ, Đà Nẵng, Vietnam,16.034204,108.18478
236,Đ. Tôn Đản, Hoà Phát, Cẩm Lệ, Đà Nẵng, Vietnam,16.034204,108.18478
237,Đ. Tôn Đản, Hoà Phát, Cẩm Lệ, Đà Nẵng, Vietnam,16.0342039,108.18478
238,Đ. Tôn Đản, Hoà Phát, Cẩm Lệ, Đà Nẵng, Vietnam,16.0342039,108.1847801
239,Đ. Tôn Đản, Hoà Phát, Cẩm Lệ, Đà Nẵng, Vietnam,16.0342038,108.1847801
240,Đ. Tôn Đản, Hoà Phát, Cẩm Lệ, Đà Nẵng, Vietnam,16.0342038,108.1847801
241,Đ. Tôn Đản, Hoà Phát, Cẩm Lệ, Đà Nẵng, Vietnam,16.0342037,108.1847801
242,Đ. Tôn Đản, Hoà Phát, Cẩm Lệ, Đà Nẵng, Vietnam,16.0342037,108.1847801
243,Đ. Tôn Đản, Hoà Phát, Cẩm Lệ, Đà Nẵng, Vietnam,16.0342036,108.1847801
244,Đ. Tôn Đản, Hoà Phát, Cẩm Lệ, Đà Nẵng, Vietnam,16.0342036,108.1847801
245,Đ. Tôn Đản, Hoà Phát, Cẩm Lệ, Đà Nẵng, Vietnam,16.0342035,108.1847801
246,Đ. Tôn Đản, Hoà Phát, Cẩm Lệ, Đà Nẵng, Vietnam,16.0342035,108.1847801
247,Đ. Tôn Đản, Hoà Phát, Cẩm Lệ, Đà Nẵng, Vietnam,16.0342034,108.1847801
248,Đ. Tôn Đản, Hoà Phát, Cẩm Lệ, Đà Nẵng, Vietnam,16.0342034,108.1847801
249,Đ. Tôn Đản, Hoà Phát, Cẩm Lệ, Đà Nẵng, Vietnam,16.0342033,108.1847801
250,Đ. Tôn Đản, Hoà Phát, Cẩm Lệ, Đà Nẵng, Vietnam,16.0342033,108.1847801
251,Đ. Tôn Đản, Hoà Phát, Cẩm Lệ, Đà Nẵng, Vietnam,16.0342032,108.1847802
252,Đ. Tôn Đản, Hoà Phát, Cẩm Lệ, Đà Nẵng, Vietnam,16.0342032,108.1847802
253,Đ. Tôn Đản, Hoà Phát, Cẩm Lệ, Đà Nẵng, Vietnam,16.0342031,108.1847802
254,Đ. Tôn Đản, Hoà Phát, Cẩm Lệ, Đà Nẵng, Vietnam,16.034203,108.1847802
255,Đ. Tôn Đản, Hoà Phát, Cẩm Lệ, Đà Nẵng, Vietnam,16.034203,108.1847802
256,Đ. Tôn Đản, Hoà Phát, Cẩm Lệ, Đà Nẵng, Vietnam,16.0342029,108.1847802
257,Đ. Tôn Đản, Hoà Phát, Cẩm Lệ, Đà Nẵng, Vietnam,16.0342029,108.1847802
258,Đ. Tôn Đản, Hoà Phát, Cẩm Lệ, Đà Nẵng, Vietnam,16.0342028,108.1847802
259,Đ. Tôn Đản, Hoà Phát, Cẩm Lệ, Đà Nẵng, Vietnam,16.0342028,108.1847802
260,Đ. Tôn Đản, Hoà Phát, Cẩm Lệ, Đà Nẵng, Vietnam,16.0342027,108.1847802
261,Đ. Tôn Đản, Hoà Phát, Cẩm Lệ, Đà Nẵng, Vietnam,16.0342027,108.1847802
262,Đ. Tôn Đản, Hoà Phát, Cẩm Lệ, Đà Nẵng, Vietnam,16.0342026,108.1847802
263,Đ. Tôn Đản, Hoà Phát, Cẩm Lệ, Đà Nẵng, Vietnam,16.0342026,108.1847802
264,Đ. Tôn Đản, Hoà Phát, Cẩm Lệ, Đà Nẵng, Vietnam,16.0342025,108.1847803
265,Đ. Tôn Đản, Hoà Phát, Cẩm Lệ, Đà Nẵng, Vietnam,16.0342025,108.1847803
266,Đ. Tôn Đản, Hoà Phát, Cẩm Lệ, Đà Nẵng, Vietnam,16.0342024,108.1847803
267,Đ. Tôn Đản, Hoà Phát, Cẩm Lệ, Đà Nẵng, Vietnam,16.0342024,108.1847803
268,Đ. Tôn Đản, Hoà Phát, Cẩm Lệ, Đà Nẵng, Vietnam,16.0342023,108.1847803
269,Đ. Tôn Đản, Hoà Phát, Cẩm Lệ, Đà Nẵng, Vietnam,16.0342023,108.1847803
270,Đ. Tôn Đản, Hoà Phát, Cẩm Lệ, Đà Nẵng, Vietnam,16.0342022,108.1847803
271,Đ. Tôn Đản, Hoà Phát, Cẩm Lệ, Đà Nẵng, Vietnam,16.0342022,108.1847803
272,Đ. Tôn Đản, Hoà Phát, Cẩm Lệ, Đà Nẵng, Vietnam,16.0342021,108.1847803
273,Đ. Tôn Đản, Hoà Phát, Cẩm Lệ, Đà Nẵng, Vietnam,16.034202,108.1847803
274,Đ. Tôn Đản, Hoà Phát, Cẩm Lệ, Đà Nẵng, Vietnam,16.034202,108.1847803
275,Đ. Tôn Đản, Hoà Phát, Cẩm Lệ, Đà Nẵng, Vietnam,16.0342019,108.1847803
276,Đ. Tôn Đản, Hoà Phát, Cẩm Lệ, Đà Nẵng, Vietnam,16.0342019,108.1847803
277,Đ. Tôn Đản, Hoà Phát, Cẩm Lệ, Đà Nẵng, Vietnam,16.0342018,108.1847804
278,Đ. Tôn Đản, Hoà Phát, Cẩm Lệ, Đà Nẵng, Vietnam,16.0342018,108.1847804
279,Đ. Tôn Đản, Hoà Phát, Cẩm Lệ, Đà Nẵng, Vietnam,16.0342017,108.1847804
280,Đ. Tôn Đản, Hoà Phát, Cẩm Lệ, Đà Nẵng, Vietnam,16.0342017,108.1847804
281,Đ. Tôn Đản, Hoà Phát, Cẩm Lệ, Đà Nẵng, Vietnam,16.0342016,108.1847804
282,Đ. Tôn Đản, Hoà Phát, Cẩm Lệ, Đà Nẵng, Vietnam,16.0342016,108.1847804
283,Đ. Tôn Đản, Hoà Phát, Cẩm Lệ, Đà Nẵng, Vietnam,16.0342015,108.1847804
284,Đ. Tôn Đản, Hoà Phát, Cẩm Lệ, Đà Nẵng, Vietnam,16.0342015,108.1847804
285,Đ. Tôn Đản, Hoà Phát, Cẩm Lệ, Đà Nẵng, Vietnam,16.0342014,108.1847804
286,Đ. Tôn Đản, Hoà Phát, Cẩm Lệ, Đà Nẵng, Vietnam,16.0342014,108.1847804
287,Đ. Tôn Đản, Hoà Phát, Cẩm Lệ, Đà Nẵng, Vietnam,16.0342013,108.1847804
288,Đ. Tôn Đản, Hoà Phát, Cẩm Lệ, Đà Nẵng, Vietnam,16.0342013,108.1847804
289,Đ. Tôn Đản, Hoà Phát, Cẩm Lệ, Đà Nẵng, Vietnam,16.0342012,108.1847804
290,Đ. Tôn Đản, Hoà Phát, Cẩm Lệ, Đà Nẵng, Vietnam,16.0342012,108.1847804
291,Đ. Tôn Đản, Hoà Phát, Cẩm Lệ, Đà Nẵng, Vietnam,16.0342011,108.1847805
292,Đ. Tôn Đản, Hoà Phát, Cẩm Lệ, Đà Nẵng, Vietnam,16.034201,108.1847805
293,Đ. Tôn Đản, Hoà Phát, Cẩm Lệ, Đà Nẵng, Vietnam,16.034201,108.1847805
294,Đ. Tôn Đản, Hoà Phát, Cẩm Lệ, Đà Nẵng, Vietnam,16.0342009,108.1847805
295,Đ. Tôn Đản, Hoà Phát, Cẩm Lệ, Đà Nẵng, Vietnam,16.0342009,108.1847805
296,Đ. Tôn Đản, Hoà Phát, Cẩm Lệ, Đà Nẵng, Vietnam,16.0342008,108.1847805
297,Đ. Tôn Đản, Hoà Phát, Cẩm Lệ, Đà Nẵng, Vietnam,16.0342008,108.1847805
298,Đ. Tôn Đản, Hoà Phát, Cẩm Lệ, Đà Nẵng, Vietnam,16.0342007,108.1847805
299,Đ. Tôn Đản, Hoà Phát, Cẩm Lệ, Đà Nẵng, Vietnam,16.0342007,108.1847805
300,Đ. Tôn Đản, Hoà Phát, Cẩm Lệ, Đà Nẵng, Vietnam,16.0342006,108.1847805
301,Đ. Tôn Đản, Hoà Phát, Cẩm Lệ, Đà Nẵng, Vietnam,16.0342006,108.1847805
302,Đ. Tôn Đản, Hoà Phát, Cẩm Lệ, Đà Nẵng, Vietnam,16.0342005,108.1847805
305,Đ. Tôn Đản, Hoà Phát, Cẩm Lệ, Đà Nẵng, Vietnam,16.0342004,108.1847806
306,Đ. Tôn Đản, Hoà Phát, Cẩm Lệ, Đà Nẵng, Vietnam,16.0342003,108.1847806
307,Đ. Tôn Đản, Hoà Phát, Cẩm Lệ, Đà Nẵng, Vietnam,16.0342003,108.1847806
308,Đ. Tôn Đản, Hoà Phát, Cẩm Lệ, Đà Nẵng, Vietnam,16.0342002,108.1847806
309,Đ. Tôn Đản, Hoà Phát, Cẩm Lệ, Đà Nẵng, Vietnam,16.0342002,108.1847806
310,Đ. Tôn Đản, Hoà Phát, Cẩm Lệ, Đà Nẵng, Vietnam,16.0342001,108.1847806
311,Đ. Tôn Đản, Hoà Phát, Cẩm Lệ, Đà Nẵng, Vietnam,16.0342,108.1847806
312,Đ. Tôn Đản, Hoà Phát, Cẩm Lệ, Đà Nẵng, Vietnam,16.0342,108.1847806
313,Đ. Tôn Đản, Hoà Phát, Cẩm Lệ, Đà Nẵng, Vietnam,16.0341999,108.1847806
314,Đ. Tôn Đản, Hoà Phát, Cẩm Lệ, Đà Nẵng, Vietnam,16.0341999,108.1847806
315,Đ. Tôn Đản, Hoà Phát, Cẩm Lệ, Đà Nẵng, Vietnam,16.0341998,108.1847806
316,Đ. Tôn Đản, Hoà Phát, Cẩm Lệ, Đà Nẵng, Vietnam,16.0341998,108.1847806
317,Đ. Tôn Đản, Hoà Phát, Cẩm Lệ, Đà Nẵng, Vietnam,16.0341997,108.1847807
318,Đ. Tôn Đản, Hoà Phát, Cẩm Lệ, Đà Nẵng, Vietnam,16.0341997,108.1847807
319,Đ. Tôn Đản, Hoà Phát, Cẩm Lệ, Đà Nẵng, Vietnam,16.0341996,108.1847807
320,Đ. Tôn Đản, Hoà Phát, Cẩm Lệ, Đà Nẵng, Vietnam,16.0341996,108.1847807
321,Đ. Tôn Đản, Hoà Phát, Cẩm Lệ, Đà Nẵng, Vietnam,16.0341995,108.1847807
322,Đ. Tôn Đản, Hoà Phát, Cẩm Lệ, Đà Nẵng, Vietnam,16.0341995,108.1847807
323,Đ. Tôn Đản, Hoà Phát, Cẩm Lệ, Đà Nẵng, Vietnam,16.0341994,108.1847807
324,Đ. Tôn Đản, Hoà Phát, Cẩm Lệ, Đà Nẵng, Vietnam,16.0341994,108.1847807
325,Đ. Tôn Đản, Hoà Phát, Cẩm Lệ, Đà Nẵng, Vietnam,16.0341993,108.1847807
326,Đ. Tôn Đản, Hoà Phát, Cẩm Lệ, Đà Nẵng, Vietnam,16.0341993,108.1847807
327,Đ. Tôn Đản, Hoà Phát, Cẩm Lệ, Đà Nẵng, Vietnam,16.0341992,108.1847807
328,Đ. Tôn Đản, Hoà Phát, Cẩm Lệ, Đà Nẵng, Vietnam,16.0341992,108.1847807
329,Đ. Tôn Đản, Hoà Phát, Cẩm Lệ, Đà Nẵng, Vietnam,16.0341991,108.1847807
330,Đ. Tôn Đản, Hoà Phát, Cẩm Lệ, Đà Nẵng, Vietnam,16.034199,108.1847808
331,Đ. Tôn Đản, Hoà Phát, Cẩm Lệ, Đà Nẵng, Vietnam,16.034199,108.1847808
332,Đ. Tôn Đản, Hoà Phát, Cẩm Lệ, Đà Nẵng, Vietnam,16.0341989,108.1847808
333,Đ. Tôn Đản, Hoà Phát, Cẩm Lệ, Đà Nẵng, Vietnam,16.0341989,108.1847808
334,Đ. Tôn Đản, Hoà Phát, Cẩm Lệ, Đà Nẵng, Vietnam,16.0341988,108.1847808
335,Đ. Tôn Đản, Hoà Phát, Cẩm Lệ, Đà Nẵng, Vietnam,16.0341988,108.1847808
336,Đ. Tôn Đản, Hoà Phát, Cẩm Lệ, Đà Nẵng, Vietnam,16.0341987,108.1847808
337,Đ. Tôn Đản, Hoà Phát, Cẩm Lệ, Đà Nẵng, Vietnam,16.0341987,108.1847808
338,Đ. Tôn Đản, Hoà Phát, Cẩm Lệ, Đà Nẵng, Vietnam,16.0341986,108.1847808
339,Đ. Tôn Đản, Hoà Phát, Cẩm Lệ, Đà Nẵng, Vietnam,16.0341986,108.1847808
340,Đ. Tôn Đản, Hoà Phát, Cẩm Lệ, Đà Nẵng, Vietnam,16.0341985,108.1847808
341,Đ. Tôn Đản, Hoà Phát, Cẩm Lệ, Đà Nẵng, Vietnam,16.0341985,108.1847808
342,Đ. Tôn Đản, Hoà Phát, Cẩm Lệ, Đà Nẵng, Vietnam,16.0341984,108.1847808
343,Đ. Tôn Đản, Hoà Phát, Cẩm Lệ, Đà Nẵng, Vietnam,16.0341984,108.1847809
344,Đ. Tôn Đản, Hoà Phát, Cẩm Lệ, Đà Nẵng, Vietnam,16.0341983,108.1847809
345,Đ. Tôn Đản, Hoà Phát, Cẩm Lệ, Đà Nẵng, Vietnam,16.0341983,108.1847809
346,Đ. Tôn Đản, Hoà Phát, Cẩm Lệ, Đà Nẵng, Vietnam,16.0341982,108.1847809
347,Đ. Tôn Đản, Hoà Phát, Cẩm Lệ, Đà Nẵng, Vietnam,16.0341982,108.1847809
348,Đ. Tôn Đản, Hoà Phát, Cẩm Lệ, Đà Nẵng, Vietnam,16.0341981,108.1847809
349,Đ. Tôn Đản, Hoà Phát, Cẩm Lệ, Đà Nẵng, Vietnam,16.034198,108.1847809
350,Đ. Tôn Đản, Hoà Phát, Cẩm Lệ, Đà Nẵng, Vietnam,16.034198,108.1847809
351,Đ. Tôn Đản, Hoà Phát, Cẩm Lệ, Đà Nẵng, Vietnam,16.0341979,108.1847809
352,Đ. Tôn Đản, Hoà Phát, Cẩm Lệ, Đà Nẵng, Vietnam,16.0341979,108.1847809
353,Đ. Tôn Đản, Hoà Phát, Cẩm Lệ, Đà Nẵng, Vietnam,16.0341978,108.1847809
354,Đ. Tôn Đản, Hoà Phát, Cẩm Lệ, Đà Nẵng, Vietnam,16.0341978,108.1847809
355,Đ. Tôn Đản, Hoà Phát, Cẩm Lệ, Đà Nẵng, Vietnam,16.0341977,108.1847809
356,Đ. Tôn Đản, Hoà Phát, Cẩm Lệ, Đà Nẵng, Vietnam,16.0341977,108.184781
357,Đ. Tôn Đản, Hoà Phát, Cẩm Lệ, Đà Nẵng, Vietnam,16.0341976,108.184781
358,Đ. Tôn Đản, Hoà Phát, Cẩm Lệ, Đà Nẵng, Vietnam,16.0341976,108.184781
359,Đ. Tôn Đản, Hoà Phát, Cẩm Lệ, Đà Nẵng, Vietnam,16.0341975,108.184781
360,Đ. Tôn Đản, Hoà Phát, Cẩm Lệ, Đà Nẵng, Vietnam,16.0341975,108.184781
361,Đ. Tôn Đản, Hoà Phát, Cẩm Lệ, Đà Nẵng, Vietnam,16.0341974,108.184781
362,Đ. Tôn Đản, Hoà Phát, Cẩm Lệ, Đà Nẵng, Vietnam,16.0341974,108.184781
363,Đ. Tôn Đản, Hoà Phát, Cẩm Lệ, Đà Nẵng, Vietnam,16.0341973,108.184781
364,Đ. Tôn Đản, Hoà Phát, Cẩm Lệ, Đà Nẵng, Vietnam,16.0341973,108.184781
365,Đ. Tôn Đản, Hoà Phát, Cẩm Lệ, Đà Nẵng, Vietnam,16.0341972,108.184781
366,Đ. Tôn Đản, Hoà Phát, Cẩm Lệ, Đà Nẵng, Vietnam,16.0341972,108.184781
367,Đ. Tôn Đản, Hoà Phát, Cẩm Lệ, Đà Nẵng, Vietnam,16.0341971,108.184781
368,Đ. Tôn Đản, Hoà Phát, Cẩm Lệ, Đà Nẵng, Vietnam,16.0341971,108.184781
369,Đ. Tôn Đản, Hoà Phát, Cẩm Lệ, Đà Nẵng, Vietnam,16.034197,108.1847811
370,Đ. Tôn Đản, Hoà Phát, Cẩm Lệ, Đà Nẵng, Vietnam,16.0341969,108.1847811
371,Đ. Tôn Đản, Hoà Phát, Cẩm Lệ, Đà Nẵng, Vietnam,16.0341969,108.1847811
372,Đ. Tôn Đản, Hoà Phát, Cẩm Lệ, Đà Nẵng, Vietnam,16.0341968,108.1847811
373,Đ. Tôn Đản, Hoà Phát, Cẩm Lệ, Đà Nẵng, Vietnam,16.0341968,108.1847811
374,Đ. Tôn Đản, Hoà Phát, Cẩm Lệ, Đà Nẵng, Vietnam,16.0341967,108.1847811
375,Đ. Tôn Đản, Hoà Phát, Cẩm Lệ, Đà Nẵng, Vietnam,16.0341967,108.1847811
376,Đ. Tôn Đản, Hoà Phát, Cẩm Lệ, Đà Nẵng, Vietnam,16.0341966,108.1847811
377,Đ. Tôn Đản, Hoà Phát, Cẩm Lệ, Đà Nẵng, Vietnam,16.0341966,108.1847811
378,Đ. Tôn Đản, Hoà Phát, Cẩm Lệ, Đà Nẵng, Vietnam,16.0341965,108.1847811
379,Đ. Tôn Đản, Hoà Phát, Cẩm Lệ, Đà Nẵng, Vietnam,16.0341965,108.1847811
380,Đ. Tôn Đản, Hoà Phát, Cẩm Lệ, Đà Nẵng, Vietnam,16.0341964,108.1847811
381,Đ. Tôn Đản, Hoà Phát, Cẩm Lệ, Đà Nẵng, Vietnam,16.0341964,108.1847811
382,Đ. Tôn Đản, Hoà Phát, Cẩm Lệ, Đà Nẵng, Vietnam,16.0341963,108.1847812
383,Đ. Tôn Đản, Hoà Phát, Cẩm Lệ, Đà Nẵng, Vietnam,16.0341963,108.1847812
384,Đ. Tôn Đản, Hoà Phát, Cẩm Lệ, Đà Nẵng, Vietnam,16.0341962,108.1847812
385,Đ. Tôn Đản, Hoà Phát, Cẩm Lệ, Đà Nẵng, Vietnam,16.0341962,108.1847812
386,Đ. Tôn Đản, Hoà Phát, Cẩm Lệ, Đà Nẵng, Vietnam,16.0341961,108.1847812
387,Đ. Tôn Đản, Hoà Phát, Cẩm Lệ, Đà Nẵng, Vietnam,16.0341961,108.1847812
388,Đ. Tôn Đản, Hoà Phát, Cẩm Lệ, Đà Nẵng, Vietnam,16.034196,108.1847812
389,Đ. Tôn Đản, Hoà Phát, Cẩm Lệ, Đà Nẵng, Vietnam,16.0341959,108.1847812
390,Đ. Tôn Đản, Hoà Phát, Cẩm Lệ, Đà Nẵng, Vietnam,16.0341959,108.1847812
391,Đ. Tôn Đản, Hoà Phát, Cẩm Lệ, Đà Nẵng, Vietnam,16.0341958,108.1847812
392,Đ. Tôn Đản, Hoà Phát, Cẩm Lệ, Đà Nẵng, Vietnam,16.0341958,108.1847812
393,Đ. Tôn Đản, Hoà Phát, Cẩm Lệ, Đà Nẵng, Vietnam,16.0341957,108.1847812
394,Đ. Tôn Đản, Hoà Phát, Cẩm Lệ, Đà Nẵng, Vietnam,16.0341957,108.1847812
395,Đ. Tôn Đản, Hoà Phát, Cẩm Lệ, Đà Nẵng, Vietnam,16.0341956,108.1847813
396,Đ. Tôn Đản, Hoà Phát, Cẩm Lệ, Đà Nẵng, Vietnam,16.0341956,108.1847813
397,Đ. Tôn Đản, Hoà Phát, Cẩm Lệ, Đà Nẵng, Vietnam,16.0341955,108.1847813
398,Đ. Tôn Đản, Hoà Phát, Cẩm Lệ, Đà Nẵng, Vietnam,16.0341955,108.1847813
399,Đ. Tôn Đản, Hoà Phát, Cẩm Lệ, Đà Nẵng, Vietnam,16.0341954,108.1847813
400,Đ. Tôn Đản, Hoà Phát, Cẩm Lệ, Đà Nẵng, Vietnam,16.0341954,108.1847813
401,Đ. Tôn Đản, Hoà Phát, Cẩm Lệ, Đà Nẵng, Vietnam,16.0341953,108.1847813
402,Đ. Tôn Đản, Hoà Phát, Cẩm Lệ, Đà Nẵng, Vietnam,16.0341953,108.1847813
403,Đ. Tôn Đản, Hoà Phát, Cẩm Lệ, Đà Nẵng, Vietnam,16.0341952,108.1847813
404,Đ. Tôn Đản, Hoà Phát, Cẩm Lệ, Đà Nẵng, Vietnam,16.0341952,108.1847813
405,Đ. Tôn Đản, Hoà Phát, Cẩm Lệ, Đà Nẵng, Vietnam,16.0341951,108.1847813
406,Đ. Tôn Đản, Hoà Phát, Cẩm Lệ, Đà Nẵng, Vietnam,16.0341951,108.1847813
407,Đ. Tôn Đản, Hoà Phát, Cẩm Lệ, Đà Nẵng, Vietnam,16.034195,108.1847813
408,Đ. Tôn Đản, Hoà Phát, Cẩm Lệ, Đà Nẵng, Vietnam,16.0341949,108.1847814
409,Đ. Tôn Đản, Hoà Phát, Cẩm Lệ, Đà Nẵng, Vietnam,16.0341949,108.1847814
410,Đ. Tôn Đản, Hoà Phát, Cẩm Lệ, Đà Nẵng, Vietnam,16.0341948,108.1847814
411,Đ. Tôn Đản, Hoà Phát, Cẩm Lệ, Đà Nẵng, Vietnam,16.0341948,108.1847814
412,Đ. Tôn Đản, Hoà Phát, Cẩm Lệ, Đà Nẵng, Vietnam,16.0341947,108.1847814
413,Đ. Tôn Đản, Hoà Phát, Cẩm Lệ, Đà Nẵng, Vietnam,16.0341947,108.1847814
414,Đ. Tôn Đản, Hoà Phát, Cẩm Lệ, Đà Nẵng, Vietnam,16.0341946,108.1847814
415,Đ. Tôn Đản, Hoà Phát, Cẩm Lệ, Đà Nẵng, Vietnam,16.0341946,108.1847814
416,Đ. Tôn Đản, Hoà Phát, Cẩm Lệ, Đà Nẵng, Vietnam,16.0341945,108.1847814
417,Đ. Tôn Đản, Hoà Phát, Cẩm Lệ, Đà Nẵng, Vietnam,16.0341945,108.1847814
418,Đ. Tôn Đản, Hoà Phát, Cẩm Lệ, Đà Nẵng, Vietnam,16.0341944,108.1847814
419,Đ. Tôn Đản, Hoà Phát, Cẩm Lệ, Đà Nẵng, Vietnam,16.0341944,108.1847814
420,Đ. Tôn Đản, Hoà Phát, Cẩm Lệ, Đà Nẵng, Vietnam,16.0341943,108.1847814
421,Đ. Tôn Đản, Hoà Phát, Cẩm Lệ, Đà Nẵng, Vietnam,16.0341943,108.1847814
422,Đ. Tôn Đản, Hoà Phát, Cẩm Lệ, Đà Nẵng, Vietnam,16.0341942,108.1847815
423,Đ. Tôn Đản, Hoà Phát, Cẩm Lệ, Đà Nẵng, Vietnam,16.0341942,108.1847815
424,Đ. Tôn Đản, Hoà Phát, Cẩm Lệ, Đà Nẵng, Vietnam,16.0341941,108.1847815
425,Đ. Tôn Đản, Hoà Phát, Cẩm Lệ, Đà Nẵng, Vietnam,16.0341941,108.1847815
426,Đ. Tôn Đản, Hoà Phát, Cẩm Lệ, Đà Nẵng, Vietnam,16.034194,108.1847815
427,Đ. Tôn Đản, Hoà Phát, Cẩm Lệ, Đà Nẵng, Vietnam,16.0341939,108.1847815
428,Đ. Tôn Đản, Hoà Phát, Cẩm Lệ, Đà Nẵng, Vietnam,16.0341939,108.1847815
429,Đ. Tôn Đản, Hoà Phát, Cẩm Lệ, Đà Nẵng, Vietnam,16.0341938,108.1847815
430,Đ. Tôn Đản, Hoà Phát, Cẩm Lệ, Đà Nẵng, Vietnam,16.0341938,108.1847815
431,Đ. Tôn Đản, Hoà Phát, Cẩm Lệ, Đà Nẵng, Vietnam,16.0341937,108.1847815
432,Đ. Tôn Đản, Hoà Phát, Cẩm Lệ, Đà Nẵng, Vietnam,16.0341937,108.1847815
433,Đ. Tôn Đản, Hoà Phát, Cẩm Lệ, Đà Nẵng, Vietnam,16.0341936,108.1847815
434,Đ. Tôn Đản, Hoà Phát, Cẩm Lệ, Đà Nẵng, Vietnam,16.0341936,108.1847815
435,Đ. Tôn Đản, Hoà Phát, Cẩm Lệ, Đà Nẵng, Vietnam,16.0341935,108.1847816
436,Đ. Tôn Đản, Hoà Phát, Cẩm Lệ, Đà Nẵng, Vietnam,16.0341935,108.1847816
437,Đ. Tôn Đản, Hoà Phát, Cẩm Lệ, Đà Nẵng, Vietnam,16.0341934,108.1847816
438,Đ. Tôn Đản, Hoà Phát, Cẩm Lệ, Đà Nẵng, Vietnam,16.0341934,108.1847816
439,Đ. Tôn Đản, Hoà Phát, Cẩm Lệ, Đà Nẵng, Vietnam,16.0341933,108.1847816
440,Đ. Tôn Đản, Hoà Phát, Cẩm Lệ, Đà Nẵng, Vietnam,16.0341933,108.1847816
441,Đ. Tôn Đản, Hoà Phát, Cẩm Lệ, Đà Nẵng, Vietnam,16.0341932,108.1847816
442,Đ. Tôn Đản, Hoà Phát, Cẩm Lệ, Đà Nẵng, Vietnam,16.0341932,108.1847816
443,Đ. Tôn Đản, Hoà Phát, Cẩm Lệ, Đà Nẵng, Vietnam,16.0341931,108.1847816
444,Đ. Tôn Đản, Hoà Phát, Cẩm Lệ, Đà Nẵng, Vietnam,16.0341931,108.1847816
445,Đ. Tôn Đản, Hoà Phát, Cẩm Lệ, Đà Nẵng, Vietnam,16.034193,108.1847816
446,Đ. Tôn Đản, Hoà Phát, Cẩm Lệ, Đà Nẵng, Vietnam,16.0341929,108.1847816
447,Đ. Tôn Đản, Hoà Phát, Cẩm Lệ, Đà Nẵng, Vietnam,16.0341929,108.1847816
448,Đ. Tôn Đản, Hoà Phát, Cẩm Lệ, Đà Nẵng, Vietnam,16.0341928,108.1847817
449,Đ. Tôn Đản, Hoà Phát, Cẩm Lệ, Đà Nẵng, Vietnam,16.0341928,108.1847817
450,Đ. Tôn Đản, Hoà Phát, Cẩm Lệ, Đà Nẵng, Vietnam,16.0341927,108.1847817
451,Đ. Tôn Đản, Hoà Phát, Cẩm Lệ, Đà Nẵng, Vietnam,16.0341927,108.1847817
452,Đ. Tôn Đản, Hoà Phát, Cẩm Lệ, Đà Nẵng, Vietnam,16.0341926,108.1847817
453,Đ. Tôn Đản, Hoà Phát, Cẩm Lệ, Đà Nẵng, Vietnam,16.0341926,108.1847817
454,Đ. Tôn Đản, Hoà Phát, Cẩm Lệ, Đà Nẵng, Vietnam,16.0341925,108.1847817
455,Đ. Tôn Đản, Hoà Phát, Cẩm Lệ, Đà Nẵng, Vietnam,16.0341925,108.1847817
456,Đ. Tôn Đản, Hoà Phát, Cẩm Lệ, Đà Nẵng, Vietnam,16.0341924,108.1847817
457,Đ. Tôn Đản, Hoà Phát, Cẩm Lệ, Đà Nẵng, Vietnam,16.0341924,108.1847817
458,Đ. Tôn Đản, Hoà Phát, Cẩm Lệ, Đà Nẵng, Vietnam,16.0341923,108.1847817
459,Đ. Tôn Đản, Hoà Phát, Cẩm Lệ, Đà Nẵng, Vietnam,16.0341923,108.1847817
460,Đ. Tôn Đản, Hoà Phát, Cẩm Lệ, Đà Nẵng, Vietnam,16.0341922,108.1847817
461,Đ. Tôn Đản, Hoà Phát, Cẩm Lệ, Đà Nẵng, Vietnam,16.0341922,108.1847818
462,Đ. Tôn Đản, Hoà Phát, Cẩm Lệ, Đà Nẵng, Vietnam,16.0341921,108.1847818
463,Đ. Tôn Đản, Hoà Phát, Cẩm Lệ, Đà Nẵng, Vietnam,16.0341921,108.1847818
464,Đ. Tôn Đản, Hoà Phát, Cẩm Lệ, Đà Nẵng, Vietnam,16.034192,108.1847818
465,Đ. Tôn Đản, Hoà Phát, Cẩm Lệ, Đà Nẵng, Vietnam,16.0341919,108.1847818
466,Đ. Tôn Đản, Hoà Phát, Cẩm Lệ, Đà Nẵng, Vietnam,16.0341919,108.1847818
467,Đ. Tôn Đản, Hoà Phát, Cẩm Lệ, Đà Nẵng, Vietnam,16.0341918,108.1847818
468,Đ. Tôn Đản, Hoà Phát, Cẩm Lệ, Đà Nẵng, Vietnam,16.0341918,108.1847818
469,Đ. Tôn Đản, Hoà An, Cẩm Lệ, Đà Nẵng, Vietnam,16.0422046,108.1834084
470,Đ. Tôn Đản, Hoà Phát, Cẩm Lệ, Đà Nẵng, Vietnam,16.0341917,108.1847818
471,Đ. Tôn Đản, Hoà An, Cẩm Lệ, Đà Nẵng, Vietnam,16.0421995,108.1834084
472,Đ. Tôn Đản, Hoà Phát, Cẩm Lệ, Đà Nẵng, Vietnam,16.0341916,108.1847818
473,Đ. Tôn Đản, Hoà An, Cẩm Lệ, Đà Nẵng, Vietnam,16.0421894,108.183477
474,Đ. Tôn Đản, Hoà Phát, Cẩm Lệ, Đà Nẵng, Vietnam,16.0341915,108.1847819
475,Đ. Tôn Đản, Hoà An, Cẩm Lệ, Đà Nẵng, Vietnam,16.0421498,108.1835019
476,Đ. Tôn Đản, Hoà Phát, Cẩm Lệ, Đà Nẵng, Vietnam,16.0341914,108.1847819
477,Đ. Tôn Đản, Hoà Phát, Cẩm Lệ, Đà Nẵng, Vietnam,16.0341913,108.1847819
478,Đ. Tôn Đản, Hoà Phát, Cẩm Lệ, Đà Nẵng, Vietnam,16.0341913,108.1847819
479,Đ. Tôn Đản, Hoà An, Cẩm Lệ, Đà Nẵng, Vietnam,16.0419472,108.1835627
480,Đ. Tôn Đản, Hoà Phát, Cẩm Lệ, Đà Nẵng, Vietnam,16.0341912,108.1847819
481,Đ. Tôn Đản, Hoà Phát, Cẩm Lệ, Đà Nẵng, Vietnam,16.0420237,108.1836484
482,Đ. Tôn Đản, Hoà Phát, Cẩm Lệ, Đà Nẵng, Vietnam,16.0341911,108.1847819
483,Đ. Tôn Đản, Hoà Phát, Cẩm Lệ, Đà Nẵng, Vietnam,16.0416971,108.1835875
484,Đ. Tôn Đản, Hoà Phát, Cẩm Lệ, Đà Nẵng, Vietnam,16.0341909,108.1847819
485,Đ. Tôn Đản, Hoà Phát, Cẩm Lệ, Đà Nẵng, Vietnam,16.0341909,108.1847819
486,Đ. Tôn Đản, Hoà Phát, Cẩm Lệ, Đà Nẵng, Vietnam,16.0341908,108.1847819
487,Đ. Tôn Đản, Hoà Phát, Cẩm Lệ, Đà Nẵng, Vietnam,16.0410906,108.1836358
488,Đ. Tôn Đản, Hoà An, Cẩm Lệ, Đà Nẵng, Vietnam,16.0420718,108.1833517
489,Đ. Tôn Đản, Hoà Phát, Cẩm Lệ, Đà Nẵng, Vietnam,16.0410348,108.1836406
490,Đ. Tôn Đản, Hoà Phát, Cẩm Lệ, Đà Nẵng, Vietnam,16.0419314,108.1834888
491,Đ. Tôn Đản, Hoà Phát, Cẩm Lệ, Đà Nẵng, Vietnam,16.0409333,108.1837565
492,Đ. Tôn Đản, Hoà Phát, Cẩm Lệ, Đà Nẵng, Vietnam,16.0418921,108.1834312
493,Đ. Tôn Đản, Hoà Phát, Cẩm Lệ, Đà Nẵng, Vietnam,16.0408325,108.1835852
495,Đ. Tôn Đản, Hoà Phát, Cẩm Lệ, Đà Nẵng, Vietnam,16.0407297,108.1837833
496,Đ. Tôn Đản, Hoà Phát, Cẩm Lệ, Đà Nẵng, Vietnam,16.0416684,108.1834406
497,Đ. Tôn Đản, Hoà Phát, Cẩm Lệ, Đà Nẵng, Vietnam,16.0406284,108.1838112
498,Đ. Tôn Đản, Hoà Phát, Cẩm Lệ, Đà Nẵng, Vietnam,16.0414384,108.18331
499,Đ. Tôn Đản, Hoà Phát, Cẩm Lệ, Đà Nẵng, Vietnam,16.0406009,108.1836907
499,Đ. Tôn Đản, Hoà Phát, Cẩm Lệ, Đà Nẵng, Vietnam,16.0406009,108.1836907
501,Đ. Tôn Đản, Hoà Phát, Cẩm Lệ, Đà Nẵng, Vietnam,16.0405184,108.1837139
502,Đ. Tôn Đản, Hoà Phát, Cẩm Lệ, Đà Nẵng, Vietnam,16.0408325,108.1835852
503,Đ. Tôn Đản, Hoà Phát, Cẩm Lệ, Đà Nẵng, Vietnam,16.0417922,108.1835854
504,Đ. Tôn Đản, Hoà Phát, Cẩm Lệ, Đà Nẵng, Vietnam,16.0406116,108.1836229
505,Đ. Tôn Đản, Hoà Phát, Cẩm Lệ, Đà Nẵng, Vietnam,16.0404035,108.1836837
506,Đ. Tôn Đản, Hoà Phát, Cẩm Lệ, Đà Nẵng, Vietnam,16.0405631,108.1836386
507,Đ. Tôn Đản, Hoà Phát, Cẩm Lệ, Đà Nẵng, Vietnam,16.0402764,108.183698
508,Đ. Tôn Đản, Hoà Phát, Cẩm Lệ, Đà Nẵng, Vietnam,16.040429,108.1835369
509,Đ. Tôn Đản, Hoà Phát, Cẩm Lệ, Đà Nẵng, Vietnam,16.0402968,108.1837013
510,Đ. Tôn Đản, Hoà Phát, Cẩm Lệ, Đà Nẵng, Vietnam,16.0403509,108.183541
511,Đ. Tôn Đản, Hoà Phát, Cẩm Lệ, Đà Nẵng, Vietnam,16.0405446,108.1838536
512,Đ. Tôn Đản, Hoà Phát, Cẩm Lệ, Đà Nẵng, Vietnam,16.0402806,108.183609
513,Đ. Tôn Đản, Hoà Phát, Cẩm Lệ, Đà Nẵng, Vietnam,16.0401405,108.1837106
514,Đ. Tôn Đản, Hoà Phát, Cẩm Lệ, Đà Nẵng, Vietnam,16.0402919,108.1836498
515,Đ. Tôn Đản, Hoà Phát, Cẩm Lệ, Đà Nẵng, Vietnam,16.040138,108.1837275
516,Đ. Tôn Đản, Hoà Phát, Cẩm Lệ, Đà Nẵng, Vietnam,16.0402213,108.1835624
517,Đ. Tôn Đản, Hoà Phát, Cẩm Lệ, Đà Nẵng, Vietnam,16.0401151,108.1837831
518,Đ. Tôn Đản, Hoà Phát, Cẩm Lệ, Đà Nẵng, Vietnam,16.0401757,108.1836382
519,Đ. Tôn Đản, Hoà Phát, Cẩm Lệ, Đà Nẵng, Vietnam,16.0401281,108.1837291
520,Đ. Tôn Đản, Hoà Phát, Cẩm Lệ, Đà Nẵng, Vietnam,16.0399619,108.1836738
521,Đ. Tôn Đản, Hoà Phát, Cẩm Lệ, Đà Nẵng, Vietnam,16.0401207,108.1837139
522,Đ. Tôn Đản, Hoà Phát, Cẩm Lệ, Đà Nẵng, Vietnam,16.0399432,108.1836304
523,Đ. Tôn Đản, Hoà Phát, Cẩm Lệ, Đà Nẵng, Vietnam,16.0400228,108.1838045
524,Đ. Tôn Đản, Hoà Phát, Cẩm Lệ, Đà Nẵng, Vietnam,16.03994,108.1836612
525,Đ. Tôn Đản, Hoà Phát, Cẩm Lệ, Đà Nẵng, Vietnam,16.0399438,108.1837831
526,Đ. Tôn Đản, Hoà Phát, Cẩm Lệ, Đà Nẵng, Vietnam,16.0398951,108.1836412
527,Đ. Tôn Đản, Hoà Phát, Cẩm Lệ, Đà Nẵng, Vietnam,16.0398807,108.1838304
528,Đ. Tôn Đản, Hoà Phát, Cẩm Lệ, Đà Nẵng, Vietnam,16.0398657,108.183696
529,Đ. Tôn Đản, Hoà Phát, Cẩm Lệ, Đà Nẵng, Vietnam,16.0398807,108.1836795
530,Đ. Tôn Đản, Hoà Phát, Cẩm Lệ, Đà Nẵng, Vietnam,16.0398392,108.1837128
531,Đ. Tôn Đản, Hoà Phát, Cẩm Lệ, Đà Nẵng, Vietnam,16.0398657,108.1838724
532,Đ. Tôn Đản, Hoà Phát, Cẩm Lệ, Đà Nẵng, Vietnam,16.039776,108.1836679
533,Đ. Tôn Đản, Hoà Phát, Cẩm Lệ, Đà Nẵng, Vietnam,16.0397925,108.183817
534,Đ. Tôn Đản, Hoà Phát, Cẩm Lệ, Đà Nẵng, Vietnam,16.0397329,108.1837204
535,Đ. Tôn Đản, Hoà Phát, Cẩm Lệ, Đà Nẵng, Vietnam,16.039738,108.1838521
536,Đ. Tôn Đản, Hoà Phát, Cẩm Lệ, Đà Nẵng, Vietnam,16.0396981,108.183725
537,Đ. Tôn Đản, Hoà Phát, Cẩm Lệ, Đà Nẵng, Vietnam,16.0397174,108.1838609
538,Đ. Tôn Đản, Hoà Phát, Cẩm Lệ, Đà Nẵng, Vietnam,16.0396512,108.1836936
539,Đ. Tôn Đản, Hoà Phát, Cẩm Lệ, Đà Nẵng, Vietnam,16.0396519,108.1839687
540,Đ. Tôn Đản, Hoà Phát, Cẩm Lệ, Đà Nẵng, Vietnam,16.0396104,108.1837007
541,Đ. Tôn Đản, Hoà Phát, Cẩm Lệ, Đà Nẵng, Vietnam,16.0395999,108.1838541
542,Đ. Tôn Đản, Hoà Phát, Cẩm Lệ, Đà Nẵng, Vietnam,16.0395683,108.1837264
543,Đ. Tôn Đản, Hoà Phát, Cẩm Lệ, Đà Nẵng, Vietnam,16.0395675,108.1838598
544,Đ. Tôn Đản, Hoà Phát, Cẩm Lệ, Đà Nẵng, Vietnam,16.039382,108.1837875
545,Đ. Tôn Đản, Hoà Phát, Cẩm Lệ, Đà Nẵng, Vietnam,16.039534,108.183859
546,Đ. Tôn Đản, Hoà Phát, Cẩm Lệ, Đà Nẵng, Vietnam,16.0393381,108.1837969
547,Đ. Tôn Đản, Hoà Phát, Cẩm Lệ, Đà Nẵng, Vietnam,16.0394925,108.183847
548,Đ. Tôn Đản, Hoà Phát, Cẩm Lệ, Đà Nẵng, Vietnam,16.0392796,108.1836661
549,Đ. Tôn Đản, Hoà Phát, Cẩm Lệ, Đà Nẵng, Vietnam,16.0394925,108.183847
550,Đ. Tôn Đản, Hoà Phát, Cẩm Lệ, Đà Nẵng, Vietnam,16.039137,108.1838169
551,Đ. Tôn Đản, Hoà Phát, Cẩm Lệ, Đà Nẵng, Vietnam,16.0394275,108.1839097
552,Đ. Tôn Đản, Hoà Phát, Cẩm Lệ, Đà Nẵng, Vietnam,16.0390954,108.1837986
553,Đ. Tôn Đản, Hoà Phát, Cẩm Lệ, Đà Nẵng, Vietnam,16.0393381,108.1839743
554,Đ. Tôn Đản, Hoà Phát, Cẩm Lệ, Đà Nẵng, Vietnam,16.0390608,108.1838381
555,Đ. Tôn Đản, Hoà Phát, Cẩm Lệ, Đà Nẵng 550000, Vietnam,16.0393059,108.1839777
556,Đ. Tôn Đản, Hoà Phát, Cẩm Lệ, Đà Nẵng, Vietnam,16.0390263,108.1838076
557,Đ. Tôn Đản, Hoà Phát, Cẩm Lệ, Đà Nẵng, Vietnam,16.0396175,108.1843177
558,Đ. Tôn Đản, Hoà Phát, Cẩm Lệ, Đà Nẵng, Vietnam,16.0390082,108.1839448
559,Đ. Tôn Đản, Hoà Phát, Cẩm Lệ, Đà Nẵng, Vietnam,16.0392526,108.1839857
560,Đ. Tôn Đản, Hoà Phát, Cẩm Lệ, Đà Nẵng, Vietnam,16.0389357,108.1838194
561,Đ. Tôn Đản, Hoà Phát, Cẩm Lệ, Đà Nẵng, Vietnam,16.0391663,108.1838997
562,Đ. Tôn Đản, Hoà Phát, Cẩm Lệ, Đà Nẵng, Vietnam,16.0390236,108.1836621
563,Đ. Tôn Đản, Hoà Phát, Cẩm Lệ, Đà Nẵng, Vietnam,16.0391694,108.1839905
564,Đ. Tôn Đản, Hoà Phát, Cẩm Lệ, Đà Nẵng, Vietnam,16.0388164,108.1838334
565,Đ. Tôn Đản, Hoà Phát, Cẩm Lệ, Đà Nẵng, Vietnam,16.0391125,108.1839345
566,Đ. Tôn Đản, Hoà Phát, Cẩm Lệ, Đà Nẵng, Vietnam,16.0387605,108.1838812
567,Đ. Tôn Đản, Hoà Phát, Cẩm Lệ, Đà Nẵng, Vietnam,16.0390632,108.1839409
568,Đ. Tôn Đản, Hoà Phát, Cẩm Lệ, Đà Nẵng, Vietnam,16.0387421,108.1839522
569,Đ. Tôn Đản, Hoà Phát, Cẩm Lệ, Đà Nẵng, Vietnam,16.038971,108.1840792
570,Đ. Tôn Đản, Hoà Phát, Cẩm Lệ, Đà Nẵng, Vietnam,16.038635,108.1838945
571,Đ. Tôn Đản, Hoà Phát, Cẩm Lệ, Đà Nẵng, Vietnam,16.0389684,108.1839864
572,Đ. Tôn Đản, Hoà Phát, Cẩm Lệ, Đà Nẵng, Vietnam,16.0385682,108.1839002
573,Đ. Tôn Đản, Hoà Phát, Cẩm Lệ, Đà Nẵng, Vietnam,16.0389107,108.1840188
574,Đ. Tôn Đản, Hoà Phát, Cẩm Lệ, Đà Nẵng, Vietnam,16.0385209,108.1838664
575,Đ. Tôn Đản, Hoà Phát, Cẩm Lệ, Đà Nẵng, Vietnam,16.038853,108.183967
576,Đ. Tôn Đản, Hoà Phát, Cẩm Lệ, Đà Nẵng, Vietnam,16.0384751,108.183865
577,Đ. Tôn Đản, Hoà Phát, Cẩm Lệ, Đà Nẵng, Vietnam,16.0388014,108.183973
578,Đ. Tôn Đản, Hoà Phát, Cẩm Lệ, Đà Nẵng, Vietnam,16.0384028,108.1838833
579,Đ. Tôn Đản, Hoà Phát, Cẩm Lệ, Đà Nẵng, Vietnam,16.038753,108.1840085
580,Đ. Tôn Đản, Hoà Phát, Cẩm Lệ, Đà Nẵng, Vietnam,16.0383654,108.1839238
581,Đ. Tôn Đản, Hoà Phát, Cẩm Lệ, Đà Nẵng, Vietnam,16.0387421,108.1839522
582,Đ. Tôn Đản, Hoà Phát, Cẩm Lệ, Đà Nẵng, Vietnam,16.0383409,108.183912
583,Đ. Tôn Đản, Hoà Phát, Cẩm Lệ, Đà Nẵng, Vietnam,16.0386388,108.1840149
585,Đ. Tôn Đản, Hoà Phát, Cẩm Lệ, Đà Nẵng, Vietnam,16.038599,108.1840248
586,Đ. Tôn Đản, Hoà Phát, Cẩm Lệ, Đà Nẵng, Vietnam,16.0382242,108.1838884
587,Đ. Tôn Đản, Hoà Phát, Cẩm Lệ, Đà Nẵng, Vietnam,16.0384256,108.1839984
588,Đ. Tôn Đản, Hoà Phát, Cẩm Lệ, Đà Nẵng, Vietnam,16.0380927,108.1838819
589,Đ. Tôn Đản, Hoà Phát, Cẩm Lệ, Đà Nẵng, Vietnam,16.0384274,108.1840463
590,Đ. Tôn Đản, Hoà Phát, Cẩm Lệ, Đà Nẵng, Vietnam,16.0380773,108.1838745
591,Đ. Tôn Đản, Hoà Phát, Cẩm Lệ, Đà Nẵng, Vietnam,16.038427,108.1840479
592,Đ. Tôn Đản, Hoà Phát, Cẩm Lệ, Đà Nẵng, Vietnam,16.0380619,108.183903
593,Đ. Tôn Đản, Hoà Phát, Cẩm Lệ, Đà Nẵng, Vietnam,16.0384261,108.1840387
594,Đ. Tôn Đản, Hoà Phát, Cẩm Lệ, Đà Nẵng, Vietnam,16.0379993,108.1839241
595,Đ. Tôn Đản, Hoà Phát, Cẩm Lệ, Đà Nẵng, Vietnam,16.0382194,108.1839931
596,Đ. Tôn Đản, Hoà Phát, Cẩm Lệ, Đà Nẵng, Vietnam,16.0379384,108.1839055
597,Đ. Tôn Đản, Hoà Phát, Cẩm Lệ, Đà Nẵng, Vietnam,16.0383362,108.1840452
598,Đ. Tôn Đản, Hoà Phát, Cẩm Lệ, Đà Nẵng, Vietnam,16.0378946,108.1839394
599,Đ. Tôn Đản, Hoà Phát, Cẩm Lệ, Đà Nẵng, Vietnam,16.0382507,108.1840722
600,Đ. Tôn Đản, Hoà Phát, Cẩm Lệ, Đà Nẵng, Vietnam,16.0379002,108.1838473
601,Đ. Tôn Đản, Hoà Phát, Cẩm Lệ, Đà Nẵng, Vietnam,16.0382268,108.1839798
602,Đ. Tôn Đản, Hoà Phát, Cẩm Lệ, Đà Nẵng, Vietnam,16.0378441,108.1838974
603,Đ. Tôn Đản, Hoà Phát, Cẩm Lệ, Đà Nẵng, Vietnam,16.0381787,108.1840392
604,Đ. Tôn Đản, Hoà Phát, Cẩm Lệ, Đà Nẵng, Vietnam,16.0378188,108.1839784
605,Đ. Tôn Đản, Hoà Phát, Cẩm Lệ, Đà Nẵng, Vietnam,16.0381115,108.1839956
606,Đ. Tôn Đản, Hoà Phát, Cẩm Lệ, Đà Nẵng, Vietnam,16.0375885,108.1838298
607,Đ. Tôn Đản, Hoà Phát, Cẩm Lệ, Đà Nẵng, Vietnam,16.0380635,108.1840494
608,Đ. Tôn Đản, Hoà Phát, Cẩm Lệ, Đà Nẵng, Vietnam,16.0374399,108.1839115
609,Đ. Tôn Đản, Hoà Phát, Cẩm Lệ, Đà Nẵng, Vietnam,16.0379942,108.1839786
610,Đ. Tôn Đản, Hoà Phát, Cẩm Lệ, Đà Nẵng, Vietnam,16.037356,108.1839521
611,Đ. Tôn Đản, Hoà Phát, Cẩm Lệ, Đà Nẵng, Vietnam,16.0379065,108.1839785
612,Đ. Tôn Đản, Hoà Phát, Cẩm Lệ, Đà Nẵng, Vietnam,16.0371766,108.183945
613,Đ. Tôn Đản, Hoà Phát, Cẩm Lệ, Đà Nẵng, Vietnam,16.0377771,108.1842143
614,Đ. Tôn Đản, Hoà Phát, Cẩm Lệ, Đà Nẵng, Vietnam,16.03714,108.1840043
615,Đ. Tôn Đản, Hoà Phát, Cẩm Lệ, Đà Nẵng, Vietnam,16.0377478,108.1840388
616,Đ. Tôn Đản, Hoà Phát, Cẩm Lệ, Đà Nẵng, Vietnam,16.0371173,108.1840783
617,Đ. Tôn Đản, Hoà Phát, Cẩm Lệ, Đà Nẵng, Vietnam,16.0377174,108.1840513
618,Đ. Tôn Đản, Hoà Phát, Cẩm Lệ, Đà Nẵng, Vietnam,16.0369767,108.1840326
619,Đ. Tôn Đản, Hoà Phát, Cẩm Lệ, Đà Nẵng, Vietnam,16.0376864,108.1840422
620,Đ. Tôn Đản, Hoà Phát, Cẩm Lệ, Đà Nẵng, Vietnam,16.0367213,108.1841316
621,Đ. Tôn Đản, Hoà Phát, Cẩm Lệ, Đà Nẵng, Vietnam,16.0376363,108.1840535
622,Đ. Tôn Đản, Hoà Phát, Cẩm Lệ, Đà Nẵng, Vietnam,16.0367423,108.184216
623,Đ. Tôn Đản, Hoà Phát, Cẩm Lệ, Đà Nẵng, Vietnam,16.0375859,108.1840549
624,Đ. Tôn Đản, Hoà Phát, Cẩm Lệ, Đà Nẵng, Vietnam,16.0358075,108.1843932
625,Đ. Tôn Đản, Hoà Phát, Cẩm Lệ, Đà Nẵng, Vietnam,16.0375337,108.1840038
626,Đ. Tôn Đản, Hoà Phát, Cẩm Lệ, Đà Nẵng, Vietnam,16.0367309,108.18422
627,Đ. Tôn Đản, Hoà Phát, Cẩm Lệ, Đà Nẵng, Vietnam,16.0373328,108.1841064
628,Đ. Tôn Đản, Hoà Phát, Cẩm Lệ, Đà Nẵng, Vietnam,16.0367252,108.184222
629,Đ. Tôn Đản, Hoà Phát, Cẩm Lệ, Đà Nẵng, Vietnam,16.037231,108.1840321
630,Đ. Tôn Đản, Hoà Phát, Cẩm Lệ, Đà Nẵng, Vietnam,16.0367194,108.184224
631,Đ. Tôn Đản, Hoà Phát, Cẩm Lệ, Đà Nẵng, Vietnam,16.0371931,108.1840475
632,Đ. Tôn Đản, Hoà Phát, Cẩm Lệ, Đà Nẵng, Vietnam,16.0367137,108.184226
633,Đ. Tôn Đản, Hoà Phát, Cẩm Lệ, Đà Nẵng, Vietnam,16.0370874,108.1841815
634,Đ. Tôn Đản, Hoà Phát, Cẩm Lệ, Đà Nẵng, Vietnam,16.0366696,108.1840698
635,Đ. Tôn Đản, Hoà Phát, Cẩm Lệ, Đà Nẵng, Vietnam,16.0369934,108.1841772
636,Đ. Tôn Đản, Hoà Phát, Cẩm Lệ, Đà Nẵng, Vietnam,16.034183,108.1847831
637,Đ. Tôn Đản, Hoà Phát, Cẩm Lệ, Đà Nẵng, Vietnam,16.0369673,108.1841974
638,Đ. Tôn Đản, Hoà Phát, Cẩm Lệ, Đà Nẵng, Vietnam,16.0341828,108.1847831
639,Đ. Tôn Đản, Hoà Phát, Cẩm Lệ, Đà Nẵng, Vietnam,16.0368698,108.1842282
640,Đ. Tôn Đản, Hoà Phát, Cẩm Lệ, Đà Nẵng, Vietnam,16.0348858,108.1845376
641,Đ. Tôn Đản, Hoà Phát, Cẩm Lệ, Đà Nẵng, Vietnam,16.0368264,108.1842349
642,Đ. Tôn Đản, Hoà Phát, Cẩm Lệ, Đà Nẵng, Vietnam,16.0348722,108.1845414
643,Đ. Tôn Đản, Hoà Phát, Cẩm Lệ, Đà Nẵng, Vietnam,16.0367604,108.1843038
644,Đ. Tôn Đản, Hoà Phát, Cẩm Lệ, Đà Nẵng, Vietnam,16.0348585,108.1845451
645,Đ. Tôn Đản, Hoà Phát, Cẩm Lệ, Đà Nẵng, Vietnam,16.036665,108.184282
646,Đ. Tôn Đản, Hoà Phát, Cẩm Lệ, Đà Nẵng, Vietnam,16.0346964,108.1845784
647,Đ. Tôn Đản, Hoà Phát, Cẩm Lệ, Đà Nẵng, Vietnam,16.0341824,108.1847832
648,Đ. Tôn Đản, Hoà Phát, Cẩm Lệ, Đà Nẵng, Vietnam,16.0346142,108.1845969
649,Đ. Tôn Đản, Hoà Phát, Cẩm Lệ, Đà Nẵng, Vietnam,16.0341823,108.1847832
650,Đ. Tôn Đản, Hoà Phát, Cẩm Lệ, Đà Nẵng, Vietnam,16.0345626,108.1845597
651,Đ. Tôn Đản, Hoà Phát, Cẩm Lệ, Đà Nẵng, Vietnam,16.0341822,108.1847832
652,Đ. Tôn Đản, Hoà Phát, Cẩm Lệ, Đà Nẵng, Vietnam,16.0345272,108.1846137
653,Đ. Tôn Đản, Hoà Phát, Cẩm Lệ, Đà Nẵng, Vietnam,16.0341821,108.1847832
654,Đ. Tôn Đản, Hoà Phát, Cẩm Lệ, Đà Nẵng, Vietnam,16.0344882,108.1846407
655,Đ. Tôn Đản, Hoà Phát, Cẩm Lệ, Đà Nẵng, Vietnam,16.034182,108.1847832
656,Đ. Tôn Đản, Hoà Phát, Cẩm Lệ, Đà Nẵng 55000, Vietnam,16.0354313,108.1846386
657,Đ. Tôn Đản, Hoà Phát, Cẩm Lệ, Đà Nẵng, Vietnam,16.035411,108.1845633
658,Đ. Tôn Đản, Hoà Phát, Cẩm Lệ, Đà Nẵng, Vietnam,16.0343748,108.1846654
659,Đ. Tôn Đản, Hoà Phát, Cẩm Lệ, Đà Nẵng, Vietnam,16.0353995,108.1845657
660,Đ. Tôn Đản, Hoà Phát, Cẩm Lệ, Đà Nẵng, Vietnam,16.0353937,108.1845669
661,Đ. Tôn Đản, Hoà Phát, Cẩm Lệ, Đà Nẵng, Vietnam,16.035927,108.1844709
662,Đ. Tôn Đản, Hoà Phát, Cẩm Lệ, Đà Nẵng, Vietnam,16.0359042,108.1844609
663,Đ. Tôn Đản, Hoà Phát, Cẩm Lệ, Đà Nẵng, Vietnam,16.0358877,108.1844841
664,Đ. Tôn Đản, Hoà Phát, Cẩm Lệ, Đà Nẵng, Vietnam,16.0358661,108.1844688
665,Đ. Tôn Đản, Hoà Phát, Cẩm Lệ, Đà Nẵng, Vietnam,16.0358512,108.1844883
666,Đ. Tôn Đản, Hoà Phát, Cẩm Lệ, Đà Nẵng, Vietnam,16.0353591,108.184574
667,Đ. Tôn Đản, Hoà Phát, Cẩm Lệ, Đà Nẵng, Vietnam,16.0356664,108.1845413
668,Đ. Tôn Đản, Hoà Phát, Cẩm Lệ, Đà Nẵng, Vietnam,16.0353476,108.1845764
669,Đ. Tôn Đản, Hoà Phát, Cẩm Lệ, Đà Nẵng, Vietnam,16.0353418,108.1845775
670,Đ. Tôn Đản, Hoà Phát, Cẩm Lệ, Đà Nẵng, Vietnam,16.0353361,108.1845787
671,Đ. Tôn Đản, Hoà Phát, Cẩm Lệ, Đà Nẵng, Vietnam,16.0353303,108.1845799
672,Đ. Tôn Đản, Hoà Phát, Cẩm Lệ, Đà Nẵng, Vietnam,16.0353246,108.1845811
673,Đ. Tôn Đản, Hoà Phát, Cẩm Lệ, Đà Nẵng, Vietnam,16.0353188,108.1845823
674,Đ. Tôn Đản, Hoà Phát, Cẩm Lệ, Đà Nẵng, Vietnam,16.035313,108.1845835
675,Đ. Tôn Đản, Hoà Phát, Cẩm Lệ, Đà Nẵng, Vietnam,16.0353073,108.1845847
676,Đ. Tôn Đản, Hoà Phát, Cẩm Lệ, Đà Nẵng, Vietnam,16.0339305,108.1847466
677,Đ. Tôn Đản, Hoà Phát, Cẩm Lệ, Đà Nẵng, Vietnam,16.0352957,108.184587
678,Đ. Tôn Đản, Hoà Phát, Cẩm Lệ, Đà Nẵng, Vietnam,16.03529,108.1845882
679,Đ. Tôn Đản, Hoà Phát, Cẩm Lệ, Đà Nẵng, Vietnam,16.0352842,108.1845894
680,Đ. Tôn Đản, Hoà Phát, Cẩm Lệ, Đà Nẵng, Vietnam,16.0352784,108.1845906
681,Đ. Tôn Đản, Hoà Phát, Cẩm Lệ, Đà Nẵng, Vietnam,16.0352727,108.1845918
682,Đ. Tôn Đản, Hoà Phát, Cẩm Lệ, Đà Nẵng, Vietnam,16.0338131,108.1847633
683,Đ. Tôn Đản, Hoà Phát, Cẩm Lệ, Đà Nẵng, Vietnam,16.0341805,108.1847834
684,Đ. Tôn Đản, Hoà Phát, Cẩm Lệ, Đà Nẵng, Vietnam,16.0337513,108.1847767
685,Đ. Tôn Đản, Hoà Phát, Cẩm Lệ, Đà Nẵng, Vietnam,16.0341804,108.1847835
686,Đ. Tôn Đản, Hoà Phát, Cẩm Lệ, Đà Nẵng, Vietnam,16.0337128,108.1847839
687,Đ. Tôn Đản, Hoà Phát, Cẩm Lệ, Đà Nẵng, Vietnam,16.0341803,108.1847835
688,Đ. Tôn Đản, Hoà Phát, Cẩm Lệ, Đà Nẵng, Vietnam,16.033646,108.1847953
689,Đ. Tôn Đản, Hoà Phát, Cẩm Lệ, Đà Nẵng, Vietnam,16.0341802,108.1847835
690,Đ. Tôn Đản, Hoà Phát, Cẩm Lệ, Đà Nẵng, Vietnam,16.0336407,108.1847964
691,Đ. Tôn Đản, Hoà Phát, Cẩm Lệ, Đà Nẵng, Vietnam,16.0341801,108.1847835
692,Đ. Tôn Đản, Hoà Phát, Cẩm Lệ, Đà Nẵng, Vietnam,16.03418,108.1847835
693,Đ. Tôn Đản, Hoà Phát, Cẩm Lệ, Đà Nẵng, Vietnam,16.03418,108.1847835
694,Đ. Tôn Đản, Hoà Phát, Cẩm Lệ, Đà Nẵng, Vietnam,16.0341799,108.1847835
695,Đ. Tôn Đản, Hoà Phát, Cẩm Lệ, Đà Nẵng, Vietnam,16.0341799,108.1847835
696,Đ. Tôn Đản, Hoà Phát, Cẩm Lệ, Đà Nẵng, Vietnam,16.033477,108.1848137
697,Đ. Tôn Đản, Hoà Phát, Cẩm Lệ, Đà Nẵng, Vietnam,16.0349876,108.1846874
698,Đ. Tôn Đản, Hoà Phát, Cẩm Lệ, Đà Nẵng, Vietnam,16.0341797,108.1847836
699,Đ. Tôn Đản, Hoà Phát, Cẩm Lệ, Đà Nẵng, Vietnam,16.0348622,108.1847104
700,Đ. Tôn Đản, Hoà Phát, Cẩm Lệ, Đà Nẵng, Vietnam,16.0334289,108.1848447
701,Đ. Tôn Đản, Hoà Phát, Cẩm Lệ, Đà Nẵng, Vietnam,16.0341795,108.1847836
702,Đ. Tôn Đản, Hoà Phát, Cẩm Lệ, Đà Nẵng, Vietnam,16.0333581,108.1848392
703,Đ. Tôn Đản, Hoà Phát, Cẩm Lệ, Đà Nẵng, Vietnam,16.0346777,108.1847521
704,Đ. Tôn Đản, Hoà Phát, Cẩm Lệ, Đà Nẵng, Vietnam,16.0332986,108.1848703
705,Đ. Tôn Đản, Hoà Phát, Cẩm Lệ, Đà Nẵng, Vietnam,16.0346338,108.1847972
706,Đ. Tôn Đản, Hoà Phát, Cẩm Lệ, Đà Nẵng, Vietnam,16.0341793,108.1847836
707,Đ. Tôn Đản, Hoà Phát, Cẩm Lệ, Đà Nẵng, Vietnam,16.0345829,108.1848034
708,Đ. Tôn Đản, Hoà Phát, Cẩm Lệ, Đà Nẵng, Vietnam,16.0341792,108.1847836
709,Đ. Tôn Đản, Hoà Phát, Cẩm Lệ, Đà Nẵng, Vietnam,16.034532,108.1848095
710,Đ. Tôn Đản, Hoà Phát, Cẩm Lệ, Đà Nẵng, Vietnam,16.0341791,108.1847837
711,Đ. Tôn Đản, Hoà Phát, Cẩm Lệ, Đà Nẵng, Vietnam,16.0344811,108.1848157
712,Đ. Tôn Đản, Hoà Phát, Cẩm Lệ, Đà Nẵng, Vietnam,16.034179,108.1847837
713,Đ. Tôn Đản, Hoà Phát, Cẩm Lệ, Đà Nẵng, Vietnam,16.0344592,108.1848183
714,Đ. Tôn Đản, Hoà Phát, Cẩm Lệ, Đà Nẵng, Vietnam,16.0341789,108.1847837
715,Đ. Tôn Đản, Hoà Phát, Cẩm Lệ, Đà Nẵng, Vietnam,16.0344373,108.184821
716,Đ. Tôn Đản, Hoà Phát, Cẩm Lệ, Đà Nẵng, Vietnam,16.0341787,108.1847837
717,Đ. Tôn Đản, Hoà Phát, Cẩm Lệ, Đà Nẵng, Vietnam,16.0343725,108.1847482
718,Đ. Tôn Đản, Hoà Phát, Cẩm Lệ, Đà Nẵng, Vietnam,16.0341786,108.1847837
719,Đ. Tôn Đản, Hoà Phát, Cẩm Lệ, Đà Nẵng, Vietnam,16.0341786,108.1847837
720,Đ. Tôn Đản, Hoà Phát, Cẩm Lệ, Đà Nẵng, Vietnam,16.0341785,108.1847837
721,Đ. Tôn Đản, Hoà Phát, Cẩm Lệ, Đà Nẵng, Vietnam,16.0341858,108.1848382
722,Đ. Tôn Đản, Hoà Phát, Cẩm Lệ, Đà Nẵng, Vietnam,16.0341205,108.1847922
723,Đ. Tôn Đản, Hoà Phát, Cẩm Lệ, Đà Nẵng, Vietnam,16.034071,108.1848643
724,Đ. Tôn Đản, Hoà Phát, Cẩm Lệ, Đà Nẵng, Vietnam,16.0340534,108.1848019
725,Đ. Tôn Đản, Hoà Phát, Cẩm Lệ, Đà Nẵng, Vietnam,16.0340442,108.1848032
726,Đ. Tôn Đản, Hoà Phát, Cẩm Lệ, Đà Nẵng, Vietnam,16.0340351,108.1848045
727,Đ. Tôn Đản, Hoà Phát, Cẩm Lệ, Đà Nẵng, Vietnam,16.0340358,108.1848792
728,Đ. Tôn Đản, Hoà Phát, Cẩm Lệ, Đà Nẵng, Vietnam,16.034026,108.1848059
729,Đ. Tôn Đản, Hoà Phát, Cẩm Lệ, Đà Nẵng, Vietnam,16.034026,108.1848059
730,Đ. Tôn Đản, Hoà Phát, Cẩm Lệ, Đà Nẵng, Vietnam,16.034026,108.1848059
731,Đ. Tôn Đản, Hoà Phát, Cẩm Lệ, Đà Nẵng, Vietnam,16.0338422,108.1849144
732,Đ. Tôn Đản, Hoà Phát, Cẩm Lệ, Đà Nẵng, Vietnam,16.034026,108.1848059
733,Đ. Tôn Đản, Hoà Phát, Cẩm Lệ, Đà Nẵng, Vietnam,16.0337546,108.1849321
734,Đ. Tôn Đản, Hoà Phát, Cẩm Lệ, Đà Nẵng, Vietnam,16.034026,108.1848059
735,Đ. Tôn Đản, Hoà Phát, Cẩm Lệ, Đà Nẵng, Vietnam,16.0337271,108.184975
736,Đ. Tôn Đản, Hoà Phát, Cẩm Lệ, Đà Nẵng, Vietnam,16.034026,108.1848059
737,Đ. Tôn Đản, Hoà Phát, Cẩm Lệ, Đà Nẵng, Vietnam,16.0336847,108.1849475
738,Đ. Tôn Đản, Hoà Phát, Cẩm Lệ, Đà Nẵng, Vietnam,16.034026,108.1848059
739,Đ. Tôn Đản, Hoà Phát, Cẩm Lệ, Đà Nẵng, Vietnam,16.0336478,108.1849933
740,Đ. Tôn Đản, Hoà Phát, Cẩm Lệ, Đà Nẵng, Vietnam,16.034026,108.1848059
741,Đ. Tôn Đản, Hoà Phát, Cẩm Lệ, Đà Nẵng, Vietnam,16.0335981,108.1849784
742,Đ. Tôn Đản, Hoà Phát, Cẩm Lệ, Đà Nẵng, Vietnam,16.034026,108.1848059
743,Đ. Tôn Đản, Hoà Phát, Cẩm Lệ, Đà Nẵng, Vietnam,16.0336035,108.1850035
744,Đ. Tôn Đản, Hoà Phát, Cẩm Lệ, Đà Nẵng, Vietnam,16.034026,108.1848059
745,Đ. Tôn Đản, Hoà Phát, Cẩm Lệ, Đà Nẵng, Vietnam,16.0336035,108.1850035
746,Đ. Tôn Đản, Hoà Phát, Cẩm Lệ, Đà Nẵng, Vietnam,16.034026,108.1848059
747,Đ. Tôn Đản, Hoà Phát, Cẩm Lệ, Đà Nẵng, Vietnam,16.0330829,108.1851905
748,Đ. Tôn Đản, Hoà Phát, Cẩm Lệ, Đà Nẵng, Vietnam,16.034026,108.1848059
749,Đ. Tôn Đản, Hoà Phát, Cẩm Lệ, Đà Nẵng, Vietnam,16.0330829,108.1851905
750,Đ. Tôn Đản, Hoà Phát, Cẩm Lệ, Đà Nẵng, Vietnam,16.034026,108.1848059
751,Đ. Tôn Đản, Hoà Phát, Cẩm Lệ, Đà Nẵng, Vietnam,16.033066,108.1850971
752,Đ. Tôn Đản, Hoà Phát, Cẩm Lệ, Đà Nẵng, Vietnam,16.034026,108.1848059
753,Đ. Tôn Đản, Hoà Phát, Cẩm Lệ, Đà Nẵng, Vietnam,16.0330603,108.1850992
754,Đ. Tôn Đản, Hoà Phát, Cẩm Lệ, Đà Nẵng, Vietnam,16.034026,108.1848059
755,Đ. Tôn Đản, Hoà Phát, Cẩm Lệ, Đà Nẵng, Vietnam,16.0329689,108.1852128
756,Đ. Tôn Đản, Hoà Phát, Cẩm Lệ, Đà Nẵng, Vietnam,16.034026,108.1848059
757,Đ. Tôn Đản, Hoà Phát, Cẩm Lệ, Đà Nẵng, Vietnam,16.0328607,108.1852341
758,Đ. Tôn Đản, Hoà Phát, Cẩm Lệ, Đà Nẵng, Vietnam,16.034026,108.1848059
759,Đ. Tôn Đản, Hoà Phát, Cẩm Lệ, Đà Nẵng, Vietnam,16.0327449,108.1852134
