1,Đường Bình Kỳ, Hoà Quý, Ngũ Hành Sơn, Đà Nẵng 550000, Vietnam,15.9868027,108.2413329
2,Đường Bình Kỳ, Hoà Quý, Ngũ Hành Sơn, Đà Nẵng 550000, Vietnam,15.9871654,108.241439
3,Đường Bình Kỳ, Hoà Quý, Ngũ Hành Sơn, Đà Nẵng 550000, Vietnam,15.9868027,108.2413329
4,Đường Bình Kỳ, Hoà Quý, Ngũ Hành Sơn, Đà Nẵng 550000, Vietnam,15.9871654,108.241439
5,Đường Bình Kỳ, Hoà Quý, Ngũ Hành Sơn, Đà Nẵng 550000, Vietnam,15.9868027,108.2413329
6,Đường Bình Kỳ, Hoà Quý, Ngũ Hành Sơn, Đà Nẵng 550000, Vietnam,15.9872123,108.2414179
7,Đường Bình Kỳ, Hoà Quý, Ngũ Hành Sơn, Đà Nẵng 550000, Vietnam,15.9872734,108.2412356
8,Đường Bình Kỳ, Hoà Quý, Ngũ Hành Sơn, Đà Nẵng 550000, Vietnam,15.9873079,108.2412901
9,Đường Bình Kỳ, Hoà Quý, Ngũ Hành Sơn, Đà Nẵng 550000, Vietnam,15.987365,108.2411892
10,Đường Bình Kỳ, Hoà Quý, Ngũ Hành Sơn, Đà Nẵng 550000, Vietnam,15.9875046,108.2412452
11,Đường Bình Kỳ, Hoà Quý, Ngũ Hành Sơn, Đà Nẵng 550000, Vietnam,15.9875508,108.241095
12,Đường Bình Kỳ, Hoà Quý, Ngũ Hành Sơn, Đà Nẵng 550000, Vietnam,15.9877005,108.2411507
13,Đường Bình Kỳ, Hoà Quý, Ngũ Hành Sơn, Đà Nẵng 550000, Vietnam,15.9876451,108.2410472
14,Đường Bình Kỳ, Hoà Quý, Ngũ Hành Sơn, Đà Nẵng 550000, Vietnam,15.9883368,108.2407388
15,Đường Bình Kỳ, Hoà Quý, Ngũ Hành Sơn, Đà Nẵng 550000, Vietnam,15.9883971,108.2409242
16,Đường Bình Kỳ, Hoà Quý, Ngũ Hành Sơn, Đà Nẵng 550000, Vietnam,15.9877471,108.2410625
17,Đường Bình Kỳ, Hoà Quý, Ngũ Hành Sơn, Đà Nẵng 550000, Vietnam,15.9877926,108.2409721
18,Đường Bình Kỳ, Hoà Quý, Ngũ Hành Sơn, Đà Nẵng 550000, Vietnam,15.9878881,108.2409974
19,Đường Bình Kỳ, Hoà Quý, Ngũ Hành Sơn, Đà Nẵng 550000, Vietnam,15.9883732,108.2407271
20,Đường Bình Kỳ, Hoà Quý, Ngũ Hành Sơn, Đà Nẵng 550000, Vietnam,15.9883824,108.2407244
21,Đường Bình Kỳ, Hoà Quý, Ngũ Hành Sơn, Đà Nẵng 550000, Vietnam,15.9883915,108.2407217
22,Đường Bình Kỳ, Hoà Quý, Ngũ Hành Sơn, Đà Nẵng 550000, Vietnam,15.988264,108.2408215
23,Đường Bình Kỳ, Hoà Quý, Ngũ Hành Sơn, Đà Nẵng 550000, Vietnam,15.9884099,108.2407163
24,Đường Bình Kỳ, Hoà Quý, Ngũ Hành Sơn, Đà Nẵng 550000, Vietnam,15.9884191,108.2407136
25,Đường Bình Kỳ, Hoà Quý, Ngũ Hành Sơn, Đà Nẵng 550000, Vietnam,15.9884282,108.240711
26,Đường Bình Kỳ, Hoà Quý, Ngũ Hành Sơn, Đà Nẵng 550000, Vietnam,15.9884374,108.2407083
27,Đường Bình Kỳ, Hoà Quý, Ngũ Hành Sơn, Đà Nẵng 550000, Vietnam,15.9884466,108.2407056
28,Đường Bình Kỳ, Hoà Quý, Ngũ Hành Sơn, Đà Nẵng 550000, Vietnam,15.9884747,108.2407733
29,Đường Bình Kỳ, Hoà Quý, Ngũ Hành Sơn, Đà Nẵng 550000, Vietnam,15.98851,108.240687
30,Đường Bình Kỳ, Hoà Quý, Ngũ Hành Sơn, Đà Nẵng 550000, Vietnam,15.9886042,108.2408736
31,Đường Bình Kỳ, Hoà Quý, Ngũ Hành Sơn, Đà Nẵng 550000, Vietnam,15.9886766,108.2406495
32,Đường Bình Kỳ, Hoà Quý, Ngũ Hành Sơn, Đà Nẵng 550000, Vietnam,15.9888103,108.2407143
33,Đường Bình Kỳ, Hoà Quý, Ngũ Hành Sơn, Đà Nẵng 550000, Vietnam,15.9888299,108.2406168
34,Đường Bình Kỳ, Hoà Quý, Ngũ Hành Sơn, Đà Nẵng 550000, Vietnam,15.9888713,108.2406079
35,Đường Bình Kỳ, Hoà Quý, Ngũ Hành Sơn, Đà Nẵng 550000, Vietnam,15.9882261,108.2406756
36,Đường Bình Kỳ, Hoà Quý, Ngũ Hành Sơn, Đà Nẵng 550000, Vietnam,15.9889541,108.2405902
37,Đường Bình Kỳ, Hoà Quý, Ngũ Hành Sơn, Đà Nẵng 550000, Vietnam,15.9886607,108.240653
38,Đường Bình Kỳ, Hoà Quý, Ngũ Hành Sơn, Đà Nẵng 550000, Vietnam,15.9890521,108.2406481
39,Đường Bình Kỳ, Hoà Quý, Ngũ Hành Sơn, Đà Nẵng 550000, Vietnam,15.9889177,108.2404783
40,Đường Bình Kỳ, Hoà Quý, Ngũ Hành Sơn, Đà Nẵng 550000, Vietnam,15.9891625,108.2405477
41,Đường Bình Kỳ, Hoà Quý, Ngũ Hành Sơn, Đà Nẵng 550000, Vietnam,15.9892254,108.2405356
42,Đường Bình Kỳ, Hoà Quý, Ngũ Hành Sơn, Đà Nẵng 550000, Vietnam,15.9892882,108.2405235
43,Đường Bình Kỳ, Hoà Quý, Ngũ Hành Sơn, Đà Nẵng 550000, Vietnam,15.9889923,108.2404624
44,Đường Bình Kỳ, Hoà Quý, Ngũ Hành Sơn, Đà Nẵng 550000, Vietnam,15.9894299,108.2405889
45,Đường Bình Kỳ, Hoà Quý, Ngũ Hành Sơn, Đà Nẵng 550000, Vietnam,15.9891949,108.2404936
46,Đường Bình Kỳ, Hoà Quý, Ngũ Hành Sơn, Đà Nẵng 550000, Vietnam,15.9894957,108.2405447
47,Đường Bình Kỳ, Hoà Quý, Ngũ Hành Sơn, Đà Nẵng 550000, Vietnam,15.9892551,108.2405299
48,Đường Bình Kỳ, Hoà Quý, Ngũ Hành Sơn, Đà Nẵng 550000, Vietnam,15.9892999,108.2405212
49,Đường Bình Kỳ, Hoà Quý, Ngũ Hành Sơn, Đà Nẵng 550000, Vietnam,15.9893446,108.2405126
50,Đường Bình Kỳ, Hoà Quý, Ngũ Hành Sơn, Đà Nẵng 550000, Vietnam,15.9896036,108.2405701
51,Đường Bình Kỳ, Hoà Quý, Ngũ Hành Sơn, Đà Nẵng 550000, Vietnam,15.9894323,108.2404848
52,Đường Bình Kỳ, Hoà Quý, Ngũ Hành Sơn, Đà Nẵng 550000, Vietnam,15.9894342,108.2404953
53,Đường Bình Kỳ, Hoà Quý, Ngũ Hành Sơn, Đà Nẵng 550000, Vietnam,15.9895495,108.2403507
54,Đường Bình Kỳ, Hoà Quý, Ngũ Hành Sơn, Đà Nẵng 550000, Vietnam,15.9900642,108.2404575
55,Đường Bình Kỳ, Hoà Quý, Ngũ Hành Sơn, Đà Nẵng 550000, Vietnam,15.9897215,108.240418
56,Đường Bình Kỳ, Hoà Quý, Ngũ Hành Sơn, Đà Nẵng 550000, Vietnam,15.9901726,108.2403905
57,Đường Bình Kỳ, Hoà Quý, Ngũ Hành Sơn, Đà Nẵng 550000, Vietnam,15.9897066,108.2403391
58,Đường Bình Kỳ, Hoà Quý, Ngũ Hành Sơn, Đà Nẵng 550000, Vietnam,15.9902856,108.2404075
59,Đường Bình Kỳ, Hoà Quý, Ngũ Hành Sơn, Đà Nẵng 550000, Vietnam,15.9901641,108.240278
60,Đường Bình Kỳ, Hoà Quý, Ngũ Hành Sơn, Đà Nẵng 550000, Vietnam,15.9903932,108.240393
61,Đường Bình Kỳ, Hoà Quý, Ngũ Hành Sơn, Đà Nẵng 550000, Vietnam,15.990342,108.2401854
62,Đường Bình Kỳ, Hoà Quý, Ngũ Hành Sơn, Đà Nẵng 550000, Vietnam,15.9904549,108.2403916
63,Đường Bình Kỳ, Hoà Quý, Ngũ Hành Sơn, Đà Nẵng 550000, Vietnam,15.9902939,108.2402217
64,Đường Bình Kỳ, Hoà Quý, Ngũ Hành Sơn, Đà Nẵng 550000, Vietnam,15.9906575,108.2402197
65,Đường Bình Kỳ, Hoà Quý, Ngũ Hành Sơn, Đà Nẵng 550000, Vietnam,15.9906575,108.2402197
66,Đường Bình Kỳ, Hoà Quý, Ngũ Hành Sơn, Đà Nẵng 550000, Vietnam,15.9906694,108.2402731
67,Đường Bình Kỳ, Hoà Quý, Ngũ Hành Sơn, Đà Nẵng 550000, Vietnam,15.9906575,108.2402197
68,Đường Bình Kỳ, Hoà Quý, Ngũ Hành Sơn, Đà Nẵng 550000, Vietnam,15.9909152,108.2402124
69,Đường Bình Kỳ, Hoà Quý, Ngũ Hành Sơn, Đà Nẵng 550000, Vietnam,15.9906523,108.2401967
70,Đường Bình Kỳ, Hoà Quý, Ngũ Hành Sơn, Đà Nẵng 550000, Vietnam,15.9909829,108.2401894
71,Đường Bình Kỳ, Hoà Quý, Ngũ Hành Sơn, Đà Nẵng 550000, Vietnam,15.990774,108.2401583
72,Đường Bình Kỳ, Hoà Quý, Ngũ Hành Sơn, Đà Nẵng 550000, Vietnam,15.991025,108.2401901
73,Đường Bình Kỳ, Hoà Quý, Ngũ Hành Sơn, Đà Nẵng 550000, Vietnam,15.9909483,108.2401324
74,Đường Bình Kỳ, Hoà Quý, Ngũ Hành Sơn, Đà Nẵng 550000, Vietnam,15.9910138,108.240166
75,Đường Bình Kỳ, Hoà Quý, Ngũ Hành Sơn, Đà Nẵng 550000, Vietnam,15.9910014,108.2401195
76,Đường Bình Kỳ, Hoà Quý, Ngũ Hành Sơn, Đà Nẵng 550000, Vietnam,15.9911006,108.2401714
77,Đường Bình Kỳ, Hoà Quý, Ngũ Hành Sơn, Đà Nẵng 550000, Vietnam,15.9911359,108.2399684
78,Đường Bình Kỳ, Hoà Quý, Ngũ Hành Sơn, Đà Nẵng 550000, Vietnam,15.9912171,108.2401372
79,Đường Bình Kỳ, Hoà Quý, Ngũ Hành Sơn, Đà Nẵng 550000, Vietnam,15.9912021,108.2400287
80,Đường Bình Kỳ, Hoà Quý, Ngũ Hành Sơn, Đà Nẵng 550000, Vietnam,15.9913095,108.2400759
81,Đường Bình Kỳ, Hoà Quý, Ngũ Hành Sơn, Đà Nẵng 550000, Vietnam,15.9913254,108.2399154
82,Đường Bình Kỳ, Hoà Quý, Ngũ Hành Sơn, Đà Nẵng 550000, Vietnam,15.9914091,108.2399869
83,Đường Bình Kỳ, Hoà Quý, Ngũ Hành Sơn, Đà Nẵng 550000, Vietnam,15.9916703,108.2397353
84,Đường Bình Kỳ, Hoà Quý, Ngũ Hành Sơn, Đà Nẵng 550000, Vietnam,15.9914607,108.2399865
85,Đường Bình Kỳ, Hoà Quý, Ngũ Hành Sơn, Đà Nẵng 550000, Vietnam,15.9916703,108.2397353
86,Đường Bình Kỳ, Hoà Quý, Ngũ Hành Sơn, Đà Nẵng 550000, Vietnam,15.9915227,108.2400031
87,Đường Bình Kỳ, Hoà Quý, Ngũ Hành Sơn, Đà Nẵng 550000, Vietnam,15.9917548,108.2395445
88,Đường Bình Kỳ, Hoà Quý, Ngũ Hành Sơn, Đà Nẵng 550000, Vietnam,15.9916647,108.2398126
89,Đường Bình Kỳ, Hoà Quý, Ngũ Hành Sơn, Đà Nẵng 550000, Vietnam,15.991825,108.2396574
90,Đường Bình Kỳ, Hoà Quý, Ngũ Hành Sơn, Đà Nẵng 550000, Vietnam,15.9919326,108.2396898
91,Đường Bình Kỳ, Hoà Quý, Ngũ Hành Sơn, Đà Nẵng 550000, Vietnam,15.9921793,108.2393181
92,Đường Bình Kỳ, Hoà Quý, Ngũ Hành Sơn, Đà Nẵng 550000, Vietnam,15.9920574,108.2396333
93,Đường Bình Kỳ, Hoà Quý, Ngũ Hành Sơn, Đà Nẵng 550000, Vietnam,15.9922256,108.2394157
94,Đường Bình Kỳ, Hoà Quý, Ngũ Hành Sơn, Đà Nẵng 550000, Vietnam,15.9922141,108.2395161
95,Đường Bình Kỳ, Hoà Quý, Ngũ Hành Sơn, Đà Nẵng 550000, Vietnam,15.9921793,108.2393181
96,Đường Bình Kỳ, Hoà Quý, Ngũ Hành Sơn, Đà Nẵng 550000, Vietnam,15.9923055,108.2395059
97,Đường Bình Kỳ, Hoà Quý, Ngũ Hành Sơn, Đà Nẵng 550000, Vietnam,15.9921793,108.2393181
98,Đường Bình Kỳ, Hoà Quý, Ngũ Hành Sơn, Đà Nẵng 550000, Vietnam,15.9924047,108.2394261
99,Đường Bình Kỳ, Hoà Quý, Ngũ Hành Sơn, Đà Nẵng 550000, Vietnam,15.9921793,108.2393181
100,Đường Bình Kỳ, Hoà Quý, Ngũ Hành Sơn, Đà Nẵng 550000, Vietnam,15.9925108,108.2393589
101,Đường Bình Kỳ, Hoà Quý, Ngũ Hành Sơn, Đà Nẵng 550000, Vietnam,15.9926673,108.2391107
102,Đường Bình Kỳ, Hoà Quý, Ngũ Hành Sơn, Đà Nẵng 550000, Vietnam,15.9927004,108.2393039
103,Đường Bình Kỳ, Hoà Quý, Ngũ Hành Sơn, Đà Nẵng 550000, Vietnam,15.9926673,108.2391107
104,Đường Bình Kỳ, Hoà Quý, Ngũ Hành Sơn, Đà Nẵng 550000, Vietnam,15.9927883,108.2393132
105,Đường Bình Kỳ, Hoà Quý, Ngũ Hành Sơn, Đà Nẵng 550000, Vietnam,15.9928297,108.2391659
106,Đường Bình Kỳ, Hoà Quý, Ngũ Hành Sơn, Đà Nẵng 550000, Vietnam,15.9929433,108.2392402
107,Đường Bình Kỳ, Hoà Quý, Ngũ Hành Sơn, Đà Nẵng 550000, Vietnam,15.993009,108.2391106
108,Đường Bình Kỳ, Hoà Quý, Ngũ Hành Sơn, Đà Nẵng 550000, Vietnam,15.9929582,108.2392147
109,Đường Bình Kỳ, Hoà Quý, Ngũ Hành Sơn, Đà Nẵng 550000, Vietnam,15.9930585,108.2390968
110,Đường Bình Kỳ, Hoà Quý, Ngũ Hành Sơn, Đà Nẵng 550000, Vietnam,15.9931305,108.2391774
111,Đường Bình Kỳ, Hoà Quý, Ngũ Hành Sơn, Đà Nẵng 550000, Vietnam,15.9931617,108.2390503
112,Đường Bình Kỳ, Hoà Quý, Ngũ Hành Sơn, Đà Nẵng 550000, Vietnam,15.9932315,108.2391502
113,Đường Bình Kỳ, Hoà Quý, Ngũ Hành Sơn, Đà Nẵng 550000, Vietnam,15.9931837,108.2390467
114,Đường Bình Kỳ, Hoà Quý, Ngũ Hành Sơn, Đà Nẵng 550000, Vietnam,15.9932315,108.2391502
115,Đường Bình Kỳ, Hoà Quý, Ngũ Hành Sơn, Đà Nẵng 550000, Vietnam,15.9931837,108.2390467
116,Đường Bình Kỳ, Hoà Quý, Ngũ Hành Sơn, Đà Nẵng 550000, Vietnam,15.9932315,108.2391502
117,Đường Bình Kỳ, Hoà Quý, Ngũ Hành Sơn, Đà Nẵng 550000, Vietnam,15.9931837,108.2390467
118,Đường Bình Kỳ, Hoà Quý, Ngũ Hành Sơn, Đà Nẵng 550000, Vietnam,15.9932315,108.2391502
119,Đường Bình Kỳ, Hoà Quý, Ngũ Hành Sơn, Đà Nẵng 550000, Vietnam,15.9931837,108.2390467
120,Đường Bình Kỳ, Hoà Quý, Ngũ Hành Sơn, Đà Nẵng 550000, Vietnam,15.9932315,108.2391502
121,Đường Bình Kỳ, Hoà Quý, Ngũ Hành Sơn, Đà Nẵng 550000, Vietnam,15.9931837,108.2390467
122,Đường Bình Kỳ, Hoà Quý, Ngũ Hành Sơn, Đà Nẵng 550000, Vietnam,15.9932315,108.2391502
123,Đường Bình Kỳ, Hoà Quý, Ngũ Hành Sơn, Đà Nẵng 550000, Vietnam,15.9931837,108.2390467
124,Đường Bình Kỳ, Hoà Quý, Ngũ Hành Sơn, Đà Nẵng 550000, Vietnam,15.9932315,108.2391502
125,Đường Bình Kỳ, Hoà Quý, Ngũ Hành Sơn, Đà Nẵng 550000, Vietnam,15.9931837,108.2390467
126,Đường Bình Kỳ, Hoà Quý, Ngũ Hành Sơn, Đà Nẵng 550000, Vietnam,15.9932315,108.2391502
127,Đường Bình Kỳ, Hoà Quý, Ngũ Hành Sơn, Đà Nẵng 550000, Vietnam,15.9931837,108.2390467
128,Đường Bình Kỳ, Hoà Quý, Ngũ Hành Sơn, Đà Nẵng 550000, Vietnam,15.9932315,108.2391502
129,Đường Bình Kỳ, Hoà Quý, Ngũ Hành Sơn, Đà Nẵng 550000, Vietnam,15.9931837,108.2390467
130,Đường Bình Kỳ, Hoà Quý, Ngũ Hành Sơn, Đà Nẵng 550000, Vietnam,15.9932315,108.2391502
131,Đường Bình Kỳ, Hoà Quý, Ngũ Hành Sơn, Đà Nẵng 550000, Vietnam,15.9931837,108.2390467
132,Đường Bình Kỳ, Hoà Quý, Ngũ Hành Sơn, Đà Nẵng 550000, Vietnam,15.9932315,108.2391502
133,Đường Bình Kỳ, Hoà Quý, Ngũ Hành Sơn, Đà Nẵng 550000, Vietnam,15.9931837,108.2390467
134,Đường Bình Kỳ, Hoà Quý, Ngũ Hành Sơn, Đà Nẵng 550000, Vietnam,15.9932315,108.2391502
135,Đường Bình Kỳ, Hoà Quý, Ngũ Hành Sơn, Đà Nẵng 550000, Vietnam,15.9931837,108.2390467
136,Đường Bình Kỳ, Hoà Quý, Ngũ Hành Sơn, Đà Nẵng 550000, Vietnam,15.9932315,108.2391502
137,Đường Bình Kỳ, Hoà Quý, Ngũ Hành Sơn, Đà Nẵng 550000, Vietnam,15.9931837,108.2390467
138,Đường Bình Kỳ, Hoà Quý, Ngũ Hành Sơn, Đà Nẵng 550000, Vietnam,15.9932315,108.2391502
139,Đường Bình Kỳ, Hoà Quý, Ngũ Hành Sơn, Đà Nẵng 550000, Vietnam,15.9931837,108.2390467
140,Đường Bình Kỳ, Hoà Quý, Ngũ Hành Sơn, Đà Nẵng 550000, Vietnam,15.9932315,108.2391502
141,Đường Bình Kỳ, Hoà Quý, Ngũ Hành Sơn, Đà Nẵng 550000, Vietnam,15.9931837,108.2390467
142,Đường Bình Kỳ, Hoà Quý, Ngũ Hành Sơn, Đà Nẵng 550000, Vietnam,15.9932315,108.2391502
143,Đường Bình Kỳ, Hoà Quý, Ngũ Hành Sơn, Đà Nẵng 550000, Vietnam,15.9931837,108.2390467
144,Đường Bình Kỳ, Hoà Quý, Ngũ Hành Sơn, Đà Nẵng 550000, Vietnam,15.9932315,108.2391502
145,Đường Bình Kỳ, Hoà Quý, Ngũ Hành Sơn, Đà Nẵng 550000, Vietnam,15.9931837,108.2390467
146,Đường Bình Kỳ, Hoà Quý, Ngũ Hành Sơn, Đà Nẵng 550000, Vietnam,15.9932315,108.2391502
147,Đường Bình Kỳ, Hoà Quý, Ngũ Hành Sơn, Đà Nẵng 550000, Vietnam,15.9931837,108.2390467
148,Đường Bình Kỳ, Hoà Quý, Ngũ Hành Sơn, Đà Nẵng 550000, Vietnam,15.9932315,108.2391502
149,Đường Bình Kỳ, Hoà Quý, Ngũ Hành Sơn, Đà Nẵng 550000, Vietnam,15.9931837,108.2390467
150,Đường Bình Kỳ, Hoà Quý, Ngũ Hành Sơn, Đà Nẵng 550000, Vietnam,15.9932315,108.2391502
151,Đường Bình Kỳ, Hoà Quý, Ngũ Hành Sơn, Đà Nẵng 550000, Vietnam,15.9931837,108.2390467
152,Đường Bình Kỳ, Hoà Quý, Ngũ Hành Sơn, Đà Nẵng 550000, Vietnam,15.9932315,108.2391502
153,Đường Bình Kỳ, Hoà Quý, Ngũ Hành Sơn, Đà Nẵng 550000, Vietnam,15.9931837,108.2390467
154,Đường Bình Kỳ, Hoà Quý, Ngũ Hành Sơn, Đà Nẵng 550000, Vietnam,15.9932315,108.2391502
155,Đường Bình Kỳ, Hoà Quý, Ngũ Hành Sơn, Đà Nẵng 550000, Vietnam,15.9931837,108.2390467
156,Đường Bình Kỳ, Hoà Quý, Ngũ Hành Sơn, Đà Nẵng 550000, Vietnam,15.9932315,108.2391502
157,Đường Bình Kỳ, Hoà Quý, Ngũ Hành Sơn, Đà Nẵng 550000, Vietnam,15.9931837,108.2390467
158,Đường Bình Kỳ, Hoà Quý, Ngũ Hành Sơn, Đà Nẵng 550000, Vietnam,15.9932315,108.2391502
159,Đường Bình Kỳ, Hoà Quý, Ngũ Hành Sơn, Đà Nẵng 550000, Vietnam,15.9931837,108.2390467
160,Đường Bình Kỳ, Hoà Quý, Ngũ Hành Sơn, Đà Nẵng 550000, Vietnam,15.9932315,108.2391502
161,Đường Bình Kỳ, Hoà Quý, Ngũ Hành Sơn, Đà Nẵng 550000, Vietnam,15.9931837,108.2390467
162,Đường Bình Kỳ, Hoà Quý, Ngũ Hành Sơn, Đà Nẵng 550000, Vietnam,15.9932315,108.2391502
163,Đường Bình Kỳ, Hoà Quý, Ngũ Hành Sơn, Đà Nẵng 550000, Vietnam,15.9931837,108.2390467
164,Đường Bình Kỳ, Hoà Quý, Ngũ Hành Sơn, Đà Nẵng 550000, Vietnam,15.9932315,108.2391502
165,Đường Bình Kỳ, Hoà Quý, Ngũ Hành Sơn, Đà Nẵng 550000, Vietnam,15.9931837,108.2390467
166,Đường Bình Kỳ, Hoà Quý, Ngũ Hành Sơn, Đà Nẵng 550000, Vietnam,15.9932315,108.2391502
167,Đường Bình Kỳ, Hoà Quý, Ngũ Hành Sơn, Đà Nẵng 550000, Vietnam,15.9931837,108.2390467
168,Đường Bình Kỳ, Hoà Quý, Ngũ Hành Sơn, Đà Nẵng 550000, Vietnam,15.9932315,108.2391502
169,Đường Bình Kỳ, Hoà Quý, Ngũ Hành Sơn, Đà Nẵng 550000, Vietnam,15.9931837,108.2390467
170,Đường Bình Kỳ, Hoà Quý, Ngũ Hành Sơn, Đà Nẵng 550000, Vietnam,15.9932315,108.2391502
171,Đường Bình Kỳ, Hoà Quý, Ngũ Hành Sơn, Đà Nẵng 550000, Vietnam,15.9931837,108.2390467
172,Đường Bình Kỳ, Hoà Quý, Ngũ Hành Sơn, Đà Nẵng 550000, Vietnam,15.9932315,108.2391502
173,Đường Bình Kỳ, Hoà Quý, Ngũ Hành Sơn, Đà Nẵng 550000, Vietnam,15.9931837,108.2390467
174,Đường Bình Kỳ, Hoà Quý, Ngũ Hành Sơn, Đà Nẵng 550000, Vietnam,15.9932315,108.2391502
175,Đường Bình Kỳ, Hoà Quý, Ngũ Hành Sơn, Đà Nẵng 550000, Vietnam,15.9931837,108.2390467
176,Đường Bình Kỳ, Hoà Quý, Ngũ Hành Sơn, Đà Nẵng 550000, Vietnam,15.9932315,108.2391502
177,Đường Bình Kỳ, Hoà Quý, Ngũ Hành Sơn, Đà Nẵng 550000, Vietnam,15.9931837,108.2390467
178,Đường Bình Kỳ, Hoà Quý, Ngũ Hành Sơn, Đà Nẵng 550000, Vietnam,15.9932315,108.2391502
179,Đường Bình Kỳ, Hoà Quý, Ngũ Hành Sơn, Đà Nẵng 550000, Vietnam,15.9931837,108.2390467
180,Đường Bình Kỳ, Hoà Quý, Ngũ Hành Sơn, Đà Nẵng 550000, Vietnam,15.9932315,108.2391502
181,Đường Bình Kỳ, Hoà Quý, Ngũ Hành Sơn, Đà Nẵng 550000, Vietnam,15.9931837,108.2390467
182,Đường Bình Kỳ, Hoà Quý, Ngũ Hành Sơn, Đà Nẵng 550000, Vietnam,15.9932315,108.2391502
183,Đường Bình Kỳ, Hoà Quý, Ngũ Hành Sơn, Đà Nẵng 550000, Vietnam,15.9931837,108.2390467
184,Đường Bình Kỳ, Hoà Quý, Ngũ Hành Sơn, Đà Nẵng 550000, Vietnam,15.9932315,108.2391502
185,Đường Bình Kỳ, Hoà Quý, Ngũ Hành Sơn, Đà Nẵng 550000, Vietnam,15.9931837,108.2390467
186,Đường Bình Kỳ, Hoà Quý, Ngũ Hành Sơn, Đà Nẵng 550000, Vietnam,15.9932315,108.2391502
187,Đường Bình Kỳ, Hoà Quý, Ngũ Hành Sơn, Đà Nẵng 550000, Vietnam,15.9931837,108.2390467
188,Đường Bình Kỳ, Hoà Quý, Ngũ Hành Sơn, Đà Nẵng 550000, Vietnam,15.9932315,108.2391502
189,Đường Bình Kỳ, Hoà Quý, Ngũ Hành Sơn, Đà Nẵng 550000, Vietnam,15.9931837,108.2390467
190,Đường Bình Kỳ, Hoà Quý, Ngũ Hành Sơn, Đà Nẵng 550000, Vietnam,15.9932315,108.2391502
191,Đường Bình Kỳ, Hoà Quý, Ngũ Hành Sơn, Đà Nẵng 550000, Vietnam,15.9931837,108.2390467
192,Đường Bình Kỳ, Hoà Quý, Ngũ Hành Sơn, Đà Nẵng 550000, Vietnam,15.9932315,108.2391502
193,Đường Bình Kỳ, Hoà Quý, Ngũ Hành Sơn, Đà Nẵng 550000, Vietnam,15.9931837,108.2390467
194,Đường Bình Kỳ, Hoà Quý, Ngũ Hành Sơn, Đà Nẵng 550000, Vietnam,15.9932315,108.2391502
195,Đường Bình Kỳ, Hoà Quý, Ngũ Hành Sơn, Đà Nẵng 550000, Vietnam,15.9931837,108.2390467
196,Đường Bình Kỳ, Hoà Quý, Ngũ Hành Sơn, Đà Nẵng 550000, Vietnam,15.9932315,108.2391502
197,Đường Bình Kỳ, Hoà Quý, Ngũ Hành Sơn, Đà Nẵng 550000, Vietnam,15.9931837,108.2390467
198,Đường Bình Kỳ, Hoà Quý, Ngũ Hành Sơn, Đà Nẵng 550000, Vietnam,15.9932315,108.2391502
199,Đường Bình Kỳ, Hoà Quý, Ngũ Hành Sơn, Đà Nẵng 550000, Vietnam,15.9931837,108.2390467
200,Đường Bình Kỳ, Hoà Quý, Ngũ Hành Sơn, Đà Nẵng 550000, Vietnam,15.9932315,108.2391502
201,Đường Bình Kỳ, Hoà Quý, Ngũ Hành Sơn, Đà Nẵng 550000, Vietnam,15.9931837,108.2390467
202,Đường Bình Kỳ, Hoà Quý, Ngũ Hành Sơn, Đà Nẵng 550000, Vietnam,15.9932315,108.2391502
203,Đường Bình Kỳ, Hoà Quý, Ngũ Hành Sơn, Đà Nẵng 550000, Vietnam,15.9931837,108.2390467
204,Đường Bình Kỳ, Hoà Quý, Ngũ Hành Sơn, Đà Nẵng 550000, Vietnam,15.9932315,108.2391502
205,Đường Bình Kỳ, Hoà Quý, Ngũ Hành Sơn, Đà Nẵng 550000, Vietnam,15.9931837,108.2390467
206,Đường Bình Kỳ, Hoà Quý, Ngũ Hành Sơn, Đà Nẵng 550000, Vietnam,15.9932315,108.2391502
207,Đường Bình Kỳ, Hoà Quý, Ngũ Hành Sơn, Đà Nẵng 550000, Vietnam,15.9931837,108.2390467
208,Đường Bình Kỳ, Hoà Quý, Ngũ Hành Sơn, Đà Nẵng 550000, Vietnam,15.9932315,108.2391502
209,Đường Bình Kỳ, Hoà Quý, Ngũ Hành Sơn, Đà Nẵng 550000, Vietnam,15.9931837,108.2390467
210,Đường Bình Kỳ, Hoà Quý, Ngũ Hành Sơn, Đà Nẵng 550000, Vietnam,15.9932315,108.2391502
211,Đường Bình Kỳ, Hoà Quý, Ngũ Hành Sơn, Đà Nẵng 550000, Vietnam,15.9931837,108.2390467
212,Đường Bình Kỳ, Hoà Quý, Ngũ Hành Sơn, Đà Nẵng 550000, Vietnam,15.9932315,108.2391502
213,Đường Bình Kỳ, Hoà Quý, Ngũ Hành Sơn, Đà Nẵng 550000, Vietnam,15.9931837,108.2390467
214,Đường Bình Kỳ, Hoà Quý, Ngũ Hành Sơn, Đà Nẵng 550000, Vietnam,15.9932315,108.2391502
215,Đường Bình Kỳ, Hoà Quý, Ngũ Hành Sơn, Đà Nẵng 550000, Vietnam,15.9931837,108.2390467
216,Đường Bình Kỳ, Hoà Quý, Ngũ Hành Sơn, Đà Nẵng 550000, Vietnam,15.9932315,108.2391502
217,Đường Bình Kỳ, Hoà Quý, Ngũ Hành Sơn, Đà Nẵng 550000, Vietnam,15.9931837,108.2390467
218,Đường Bình Kỳ, Hoà Quý, Ngũ Hành Sơn, Đà Nẵng 550000, Vietnam,15.9932315,108.2391502
219,Đường Bình Kỳ, Hoà Quý, Ngũ Hành Sơn, Đà Nẵng 550000, Vietnam,15.9931837,108.2390467
220,Đường Bình Kỳ, Hoà Quý, Ngũ Hành Sơn, Đà Nẵng 550000, Vietnam,15.9932315,108.2391502
221,Đường Bình Kỳ, Hoà Quý, Ngũ Hành Sơn, Đà Nẵng 550000, Vietnam,15.9931837,108.2390467
222,Đường Bình Kỳ, Hoà Quý, Ngũ Hành Sơn, Đà Nẵng 550000, Vietnam,15.9932315,108.2391502
2,Đông Hải 1, Hoà Hải, Ngũ Hành Sơn, Đà Nẵng 550000, Vietnam,15.9931424,108.2680369
3,Đông Hải 1, Hoà Hải, Ngũ Hành Sơn, Đà Nẵng 550000, Vietnam,15.9931424,108.2680369
4,Đông Hải 1, Hoà Hải, Ngũ Hành Sơn, Đà Nẵng 550000, Vietnam,15.9931424,108.2680369
5,Đông Hải 1, Hoà Hải, Ngũ Hành Sơn, Đà Nẵng 550000, Vietnam,15.9931424,108.2680369
6,Đông Hải 1, Hoà Hải, Ngũ Hành Sơn, Đà Nẵng 550000, Vietnam,15.9931424,108.2680369
7,Đông Hải 1, Hoà Hải, Ngũ Hành Sơn, Đà Nẵng 550000, Vietnam,15.9931424,108.2680369
8,Đông Hải 1, Hoà Hải, Ngũ Hành Sơn, Đà Nẵng 550000, Vietnam,15.9931424,108.2680369
9,Đông Hải 1, Hoà Hải, Ngũ Hành Sơn, Đà Nẵng 550000, Vietnam,15.9928771,108.2673083
10,Đông Hải 1, Hoà Hải, Ngũ Hành Sơn, Đà Nẵng 550000, Vietnam,15.9931424,108.2680369
11,Đông Hải 1, Hoà Hải, Ngũ Hành Sơn, Đà Nẵng 550000, Vietnam,15.9931424,108.2680369
12,Đông Hải 1, Hoà Hải, Ngũ Hành Sơn, Đà Nẵng 550000, Vietnam,15.9932329,108.2679956
13,Đông Hải 1, Hoà Hải, Ngũ Hành Sơn, Đà Nẵng 550000, Vietnam,15.9931424,108.2680369
14,Đông Hải 1, Hoà Hải, Ngũ Hành Sơn, Đà Nẵng 550000, Vietnam,15.9931424,108.2680369
15,Đông Hải 1, Hoà Hải, Ngũ Hành Sơn, Đà Nẵng 550000, Vietnam,15.9931424,108.2680369
16,Đông Hải 1, Hoà Hải, Ngũ Hành Sơn, Đà Nẵng 550000, Vietnam,15.9931424,108.2680369
17,Đông Hải 1, Hoà Hải, Ngũ Hành Sơn, Đà Nẵng 550000, Vietnam,15.9931424,108.2680369
18,Đông Hải 1, Hoà Hải, Ngũ Hành Sơn, Đà Nẵng 550000, Vietnam,15.9931424,108.2680369
19,Đông Hải 1, Hoà Hải, Ngũ Hành Sơn, Đà Nẵng 550000, Vietnam,15.9930093,108.2677835
20,Đông Hải 1, Hoà Hải, Ngũ Hành Sơn, Đà Nẵng 550000, Vietnam,15.9930093,108.2677835
21,Đông Hải 1, Hoà Hải, Ngũ Hành Sơn, Đà Nẵng 550000, Vietnam,15.9930093,108.2677835
22,Đông Hải 1, Hoà Hải, Ngũ Hành Sơn, Đà Nẵng 550000, Vietnam,15.9930093,108.2677835
23,Đông Hải 1, Hoà Hải, Ngũ Hành Sơn, Đà Nẵng 550000, Vietnam,15.9930093,108.2677835
24,Đông Hải 1, Hoà Hải, Ngũ Hành Sơn, Đà Nẵng 550000, Vietnam,15.9930093,108.2677835
25,Đông Hải 1, Hoà Hải, Ngũ Hành Sơn, Đà Nẵng 550000, Vietnam,15.9930093,108.2677835
26,Đông Hải 1, Hoà Hải, Ngũ Hành Sơn, Đà Nẵng 550000, Vietnam,15.9930873,108.2677406
27,Đông Hải 1, Hoà Hải, Ngũ Hành Sơn, Đà Nẵng 550000, Vietnam,15.9929971,108.26776
28,Đông Hải 1, Hoà Hải, Ngũ Hành Sơn, Đà Nẵng 550000, Vietnam,15.9929849,108.2677364
29,Đông Hải 1, Hoà Hải, Ngũ Hành Sơn, Đà Nẵng 550000, Vietnam,15.9929728,108.2677128
30,Đông Hải 1, Hoà Hải, Ngũ Hành Sơn, Đà Nẵng 550000, Vietnam,15.9929975,108.2676686
31,Đông Hải 1, Hoà Hải, Ngũ Hành Sơn, Đà Nẵng 550000, Vietnam,15.9929492,108.2676671
32,Đông Hải 1, Hoà Hải, Ngũ Hành Sơn, Đà Nẵng 550000, Vietnam,15.9929377,108.2676449
33,Đông Hải 1, Hoà Hải, Ngũ Hành Sơn, Đà Nẵng 550000, Vietnam,15.9929263,108.2676228
34,Đông Hải 1, Hoà Hải, Ngũ Hành Sơn, Đà Nẵng 550000, Vietnam,15.9929149,108.2676006
35,Đông Hải 1, Hoà Hải, Ngũ Hành Sơn, Đà Nẵng 550000, Vietnam,15.9929034,108.2675785
36,Đông Hải 1, Hoà Hải, Ngũ Hành Sơn, Đà Nẵng 550000, Vietnam,15.992892,108.2675563
37,Đông Hải 1, Hoà Hải, Ngũ Hành Sơn, Đà Nẵng 550000, Vietnam,15.9928806,108.2675342
38,Đông Hải 1, Hoà Hải, Ngũ Hành Sơn, Đà Nẵng 550000, Vietnam,15.9928691,108.267512
39,Đông Hải 1, Hoà Hải, Ngũ Hành Sơn, Đà Nẵng 550000, Vietnam,15.9928577,108.2674899
40,Đông Hải 1, Hoà Hải, Ngũ Hành Sơn, Đà Nẵng 550000, Vietnam,15.9928463,108.2674677
41,Đông Hải 1, Hoà Hải, Ngũ Hành Sơn, Đà Nẵng 550000, Vietnam,15.9928348,108.2674456
42,Đông Hải 1, Hoà Hải, Ngũ Hành Sơn, Đà Nẵng 550000, Vietnam,15.9928234,108.2674234
43,Đông Hải 1, Hoà Hải, Ngũ Hành Sơn, Đà Nẵng 550000, Vietnam,15.992812,108.2674013
44,Đông Hải 1, Hoà Hải, Ngũ Hành Sơn, Đà Nẵng 550000, Vietnam,15.9928005,108.2673791
45,Đông Hải 1, Hoà Hải, Ngũ Hành Sơn, Đà Nẵng 550000, Vietnam,15.9927891,108.267357
46,Đông Hải 1, Hoà Hải, Ngũ Hành Sơn, Đà Nẵng 550000, Vietnam,15.9927777,108.2673348
47,Đông Hải 1, Hoà Hải, Ngũ Hành Sơn, Đà Nẵng 550000, Vietnam,15.9927662,108.2673127
48,Đông Hải 1, Hoà Hải, Ngũ Hành Sơn, Đà Nẵng 550000, Vietnam,15.9927548,108.2672905
49,Đông Hải 1, Hoà Hải, Ngũ Hành Sơn, Đà Nẵng 550000, Vietnam,15.9927434,108.2672684
50,Đông Hải 1, Hoà Hải, Ngũ Hành Sơn, Đà Nẵng 550000, Vietnam,15.9927319,108.2672462
51,Đông Hải 1, Hoà Hải, Ngũ Hành Sơn, Đà Nẵng 550000, Vietnam,15.9927205,108.2672241
52,Đông Hải 1, Hoà Hải, Ngũ Hành Sơn, Đà Nẵng 550000, Vietnam,15.9927254,108.2671928
53,Đông Hải 1, Hoà Hải, Ngũ Hành Sơn, Đà Nẵng 550000, Vietnam,15.9927007,108.2671856
54,Đông Hải 1, Hoà Hải, Ngũ Hành Sơn, Đà Nẵng 550000, Vietnam,15.9927259,108.2671505
1,Đông Hải 10, Hoà Hải, Ngũ Hành Sơn, Đà Nẵng 550000, Vietnam,15.9886405,108.2699715
2,Đông Hải 10, Hoà Hải, Ngũ Hành Sơn, Đà Nẵng 550000, Vietnam,15.9888491,108.2699226
3,Đông Hải 10, Hoà Hải, Ngũ Hành Sơn, Đà Nẵng 550000, Vietnam,15.9886405,108.2699715
4,Đông Hải 10, Hoà Hải, Ngũ Hành Sơn, Đà Nẵng 550000, Vietnam,15.9888491,108.2699226
5,Đông Hải 10, Hoà Hải, Ngũ Hành Sơn, Đà Nẵng 550000, Vietnam,15.9886405,108.2699715
6,Đông Hải 10, Hoà Hải, Ngũ Hành Sơn, Đà Nẵng 550000, Vietnam,15.9888491,108.2699226
7,Đông Hải 10, Hoà Hải, Ngũ Hành Sơn, Đà Nẵng 550000, Vietnam,15.9886405,108.2699715
8,Đông Hải 10, Hoà Hải, Ngũ Hành Sơn, Đà Nẵng 550000, Vietnam,15.9888491,108.2699226
9,Đông Hải 10, Hoà Hải, Ngũ Hành Sơn, Đà Nẵng 550000, Vietnam,15.9886405,108.2699715
10,Đông Hải 10, Hòa Hải, Ngũ Hành Sơn, Đà Nẵng 550000, Vietnam,15.9884612,108.2694651
11,Đông Hải 10, Hoà Hải, Ngũ Hành Sơn, Đà Nẵng 550000, Vietnam,15.9886405,108.2699715
12,Đông Hải 10, Hoà Hải, Ngũ Hành Sơn, Đà Nẵng 550000, Vietnam,15.9888318,108.2698876
13,Đông Hải 10, Hoà Hải, Ngũ Hành Sơn, Đà Nẵng 550000, Vietnam,15.9886405,108.2699715
14,Đông Hải 10, Hoà Hải, Ngũ Hành Sơn, Đà Nẵng 550000, Vietnam,15.9888145,108.2698525
15,Đông Hải 10, Hoà Hải, Ngũ Hành Sơn, Đà Nẵng 550000, Vietnam,15.9886781,108.2699514
16,Đông Hải 10, Hoà Hải, Ngũ Hành Sơn, Đà Nẵng 550000, Vietnam,15.9887745,108.2698308
17,Đông Hải 10, Hoà Hải, Ngũ Hành Sơn, Đà Nẵng 550000, Vietnam,15.9886196,108.269929
18,Đông Hải 10, Hoà Hải, Ngũ Hành Sơn, Đà Nẵng 550000, Vietnam,15.9887774,108.2697771
19,Đông Hải 10, Hoà Hải, Ngũ Hành Sơn, Đà Nẵng 550000, Vietnam,15.9885987,108.2698866
20,Đông Hải 10, Hoà Hải, Ngũ Hành Sơn, Đà Nẵng 550000, Vietnam,15.9887575,108.2697368
21,Đông Hải 10, Hoà Hải, Ngũ Hành Sơn, Đà Nẵng 550000, Vietnam,15.9885778,108.2698442
22,Đông Hải 10, Hoà Hải, Ngũ Hành Sơn, Đà Nẵng 550000, Vietnam,15.9887376,108.2696964
23,Đông Hải 10, Hoà Hải, Ngũ Hành Sơn, Đà Nẵng 550000, Vietnam,15.9885569,108.2698018
24,Đông Hải 10, Hoà Hải, Ngũ Hành Sơn, Đà Nẵng 550000, Vietnam,15.9887177,108.2696561
25,Đông Hải 10, Hoà Hải, Ngũ Hành Sơn, Đà Nẵng 550000, Vietnam,15.988536,108.2697594
26,Đông Hải 10, Hoà Hải, Ngũ Hành Sơn, Đà Nẵng 550000, Vietnam,15.9886978,108.2696157
27,Đông Hải 10, Hoà Hải, Ngũ Hành Sơn, Đà Nẵng 550000, Vietnam,15.9885151,108.269717
28,Đông Hải 10, Hoà Hải, Ngũ Hành Sơn, Đà Nẵng 550000, Vietnam,15.9886779,108.2695753
29,Đông Hải 10, Hoà Hải, Ngũ Hành Sơn, Đà Nẵng 550000, Vietnam,15.9885259,108.2696577
30,Đông Hải 10, Hoà Hải, Ngũ Hành Sơn, Đà Nẵng 550000, Vietnam,15.9886257,108.2695522
1,Đông Hải 11, Hoà Hải, Ngũ Hành Sơn, Đà Nẵng 550000, Vietnam,15.988275,108.2700852
2,Đông Hải 11, Hoà Hải, Ngũ Hành Sơn, Đà Nẵng 550000, Vietnam,15.988275,108.2700852
3,Đông Hải 11, Hoà Hải, Ngũ Hành Sơn, Đà Nẵng 550000, Vietnam,15.988275,108.2700852
4,Đông Hải 11, Hoà Hải, Ngũ Hành Sơn, Đà Nẵng 550000, Vietnam,15.988275,108.2700852
5,Đông Hải 11, Hoà Hải, Ngũ Hành Sơn, Đà Nẵng 550000, Vietnam,15.988275,108.2700852
6,Đông Hải 11, Hoà Hải, Ngũ Hành Sơn, Đà Nẵng 550000, Vietnam,15.988275,108.2700852
7,Đông Hải 11, Hoà Hải, Ngũ Hành Sơn, Đà Nẵng 550000, Vietnam,15.988275,108.2700852
8,Đông Hải 11, Hoà Hải, Ngũ Hành Sơn, Đà Nẵng 550000, Vietnam,15.988275,108.2700852
9,Đông Hải 11, Hoà Hải, Ngũ Hành Sơn, Đà Nẵng 550000, Vietnam,15.988275,108.2700852
10,Đông Hải 11, Hoà Hải, Ngũ Hành Sơn, Đà Nẵng 550000, Vietnam,15.988275,108.2700852
11,Đông Hải 11, Hòa Hải, Ngũ Hành Sơn, Đà Nẵng 550000, Vietnam,15.9881308,108.2698016
12,Đông Hải 11, Hoà Hải, Ngũ Hành Sơn, Đà Nẵng 550000, Vietnam,15.988275,108.2700852
13,Đông Hải 11, Hoà Hải, Ngũ Hành Sơn, Đà Nẵng 550000, Vietnam,15.988275,108.2700852
14,Đông Hải 11, Hoà Hải, Ngũ Hành Sơn, Đà Nẵng 550000, Vietnam,15.988275,108.2700852
15,Đông Hải 11, Hoà Hải, Ngũ Hành Sơn, Đà Nẵng 550000, Vietnam,15.988275,108.2700852
16,Đông Hải 11, Hoà Hải, Ngũ Hành Sơn, Đà Nẵng 550000, Vietnam,15.9883792,108.2700388
17,Đông Hải 11, Hoà Hải, Ngũ Hành Sơn, Đà Nẵng 550000, Vietnam,15.988275,108.2700852
18,Đông Hải 11, Hoà Hải, Ngũ Hành Sơn, Đà Nẵng 550000, Vietnam,15.988275,108.2700852
19,Đông Hải 11, Hoà Hải, Ngũ Hành Sơn, Đà Nẵng 550000, Vietnam,15.988275,108.2700852
20,Đông Hải 11, Hoà Hải, Ngũ Hành Sơn, Đà Nẵng 550000, Vietnam,15.988275,108.2700852
21,Đông Hải 11, Hoà Hải, Ngũ Hành Sơn, Đà Nẵng 550000, Vietnam,15.988275,108.2700852
22,Đông Hải 11, Hoà Hải, Ngũ Hành Sơn, Đà Nẵng 550000, Vietnam,15.988275,108.2700852
23,Đông Hải 11, Hoà Hải, Ngũ Hành Sơn, Đà Nẵng 550000, Vietnam,15.988275,108.2700852
24,Đông Hải 11, Hoà Hải, Ngũ Hành Sơn, Đà Nẵng 550000, Vietnam,15.988275,108.2700852
25,Đông Hải 11, Hoà Hải, Ngũ Hành Sơn, Đà Nẵng 550000, Vietnam,15.988275,108.2700852
26,Đông Hải 11, Hoà Hải, Ngũ Hành Sơn, Đà Nẵng 550000, Vietnam,15.988275,108.2700852
27,Đông Hải 11, Hoà Hải, Ngũ Hành Sơn, Đà Nẵng 550000, Vietnam,15.988275,108.2700852
28,Đông Hải 11, Hoà Hải, Ngũ Hành Sơn, Đà Nẵng 550000, Vietnam,15.988275,108.2700852
29,Đông Hải 11, Hoà Hải, Ngũ Hành Sơn, Đà Nẵng 550000, Vietnam,15.988275,108.2700852
30,Đông Hải 11, Hoà Hải, Ngũ Hành Sơn, Đà Nẵng 550000, Vietnam,15.988275,108.2700852
1,Đông Hải 2, Hoà Hải, Ngũ Hành Sơn, Đà Nẵng 550000, Vietnam,15.991536,108.2687972
2,Đông Hải 2, Hòa Hải, Ngũ Hành Sơn, Đà Nẵng 550000, Vietnam,15.9921601,108.2684221
3,Đông Hải 2, Hoà Hải, Ngũ Hành Sơn, Đà Nẵng 550000, Vietnam,15.991536,108.2687972
4,Đông Hải 2, Hoà Hải, Ngũ Hành Sơn, Đà Nẵng 550000, Vietnam,15.991536,108.2687972
5,Đông Hải 2, Hoà Hải, Ngũ Hành Sơn, Đà Nẵng 550000, Vietnam,15.991536,108.2687972
6,Đông Hải 2, Hoà Hải, Ngũ Hành Sơn, Đà Nẵng 550000, Vietnam,15.991536,108.2687972
7,Đông Hải 2, Hoà Hải, Ngũ Hành Sơn, Đà Nẵng 550000, Vietnam,15.991536,108.2687972
8,Đông Hải 2, Hoà Hải, Ngũ Hành Sơn, Đà Nẵng 550000, Vietnam,15.991536,108.2687972
9,Đông Hải 2, Hoà Hải, Ngũ Hành Sơn, Đà Nẵng 550000, Vietnam,15.991536,108.2687972
10,Đông Hải 2, Hoà Hải, Ngũ Hành Sơn, Đà Nẵng 550000, Vietnam,15.991536,108.2687972
11,Đông Hải 2, Hoà Hải, Ngũ Hành Sơn, Đà Nẵng 550000, Vietnam,15.991536,108.2687972
12,Đông Hải 2, Hoà Hải, Ngũ Hành Sơn, Đà Nẵng 550000, Vietnam,15.991536,108.2687972
13,Đông Hải 2, Hoà Hải, Ngũ Hành Sơn, Đà Nẵng 550000, Vietnam,15.991536,108.2687972
14,Đông Hải 2, Hoà Hải, Ngũ Hành Sơn, Đà Nẵng 550000, Vietnam,15.991536,108.2687972
15,Đông Hải 2, Hoà Hải, Ngũ Hành Sơn, Đà Nẵng 550000, Vietnam,15.991536,108.2687972
16,Đông Hải 2, Hoà Hải, Ngũ Hành Sơn, Đà Nẵng 550000, Vietnam,15.991536,108.2687972
17,Đông Hải 2, Hoà Hải, Ngũ Hành Sơn, Đà Nẵng 550000, Vietnam,15.991536,108.2687972
18,Đông Hải 2, Hoà Hải, Ngũ Hành Sơn, Đà Nẵng 550000, Vietnam,15.991536,108.2687972
19,Đông Hải 2, Hoà Hải, Ngũ Hành Sơn, Đà Nẵng 550000, Vietnam,15.991536,108.2687972
20,Đông Hải 2, Hoà Hải, Ngũ Hành Sơn, Đà Nẵng 550000, Vietnam,15.991536,108.2687972
21,Đông Hải 2, Hoà Hải, Ngũ Hành Sơn, Đà Nẵng 550000, Vietnam,15.991536,108.2687972
22,Đông Hải 2, Hoà Hải, Ngũ Hành Sơn, Đà Nẵng 550000, Vietnam,15.991497,108.268727
23,Đông Hải 2, Hoà Hải, Ngũ Hành Sơn, Đà Nẵng 550000, Vietnam,15.9915027,108.2688172
24,Đông Hải 2, Hoà Hải, Ngũ Hành Sơn, Đà Nẵng 550000, Vietnam,15.9914293,108.2687651
25,Đông Hải 2, Hoà Hải, Ngũ Hành Sơn, Đà Nẵng 550000, Vietnam,15.9914694,108.2688372
26,Đông Hải 2, Hoà Hải, Ngũ Hành Sơn, Đà Nẵng 550000, Vietnam,15.9914694,108.2688372
27,Đông Hải 2, Hoà Hải, Ngũ Hành Sơn, Đà Nẵng 550000, Vietnam,15.9914694,108.2688372
28,Đông Hải 2, Hoà Hải, Ngũ Hành Sơn, Đà Nẵng 550000, Vietnam,15.9914694,108.2688372
29,Đông Hải 2, Hoà Hải, Ngũ Hành Sơn, Đà Nẵng 550000, Vietnam,15.9914694,108.2688372
30,Đông Hải 2, Hoà Hải, Ngũ Hành Sơn, Đà Nẵng 550000, Vietnam,15.9914694,108.2688372
1,Đông Hải 4, Hoà Hải, Ngũ Hành Sơn, Đà Nẵng 550000, Vietnam,15.9912945,108.2683539
2,Đông Hải 4, Hoà Hải, Ngũ Hành Sơn, Đà Nẵng 550000, Vietnam,15.9912945,108.2683539
3,Đông Hải 4, Hoà Hải, Ngũ Hành Sơn, Đà Nẵng 550000, Vietnam,15.9912945,108.2683539
4,Đông Hải 4, Hòa Hải, Ngũ Hành Sơn, Đà Nẵng 550000, Vietnam,15.9914328,108.2682676
5,Đông Hải 4, Hoà Hải, Ngũ Hành Sơn, Đà Nẵng 550000, Vietnam,15.9912945,108.2683539
6,Đông Hải 4, Hoà Hải, Ngũ Hành Sơn, Đà Nẵng 550000, Vietnam,15.9912945,108.2683539
7,Đông Hải 4, Hoà Hải, Ngũ Hành Sơn, Đà Nẵng 550000, Vietnam,15.9912945,108.2683539
8,Đông Hải 4, Hoà Hải, Ngũ Hành Sơn, Đà Nẵng 550000, Vietnam,15.9912945,108.2683539
9,Đông Hải 4, Hoà Hải, Ngũ Hành Sơn, Đà Nẵng 550000, Vietnam,15.9912945,108.2683539
10,Đông Hải 4, Hoà Hải, Ngũ Hành Sơn, Đà Nẵng 550000, Vietnam,15.9912945,108.2683539
11,Đông Hải 4, Hoà Hải, Ngũ Hành Sơn, Đà Nẵng 550000, Vietnam,15.9912945,108.2683539
12,Đông Hải 4, Hoà Hải, Ngũ Hành Sơn, Đà Nẵng 550000, Vietnam,15.9912945,108.2683539
13,Đông Hải 4, Hoà Hải, Ngũ Hành Sơn, Đà Nẵng 550000, Vietnam,15.9912945,108.2683539
14,Đông Hải 4, Hoà Hải, Ngũ Hành Sơn, Đà Nẵng 550000, Vietnam,15.9912945,108.2683539
15,Đông Hải 4, Hoà Hải, Ngũ Hành Sơn, Đà Nẵng 550000, Vietnam,15.9912945,108.2683539
16,Đông Hải 4, Hoà Hải, Ngũ Hành Sơn, Đà Nẵng 550000, Vietnam,15.9912945,108.2683539
17,Đông Hải 4, Hoà Hải, Ngũ Hành Sơn, Đà Nẵng 550000, Vietnam,15.9912945,108.2683539
18,Đông Hải 4, Hoà Hải, Ngũ Hành Sơn, Đà Nẵng 550000, Vietnam,15.9912945,108.2683539
19,Đông Hải 4, Hoà Hải, Ngũ Hành Sơn, Đà Nẵng 550000, Vietnam,15.9912945,108.2683539
20,Đông Hải 4, Hoà Hải, Ngũ Hành Sơn, Đà Nẵng 550000, Vietnam,15.9912945,108.2683539
21,Đông Hải 4, Hoà Hải, Ngũ Hành Sơn, Đà Nẵng 550000, Vietnam,15.9913208,108.2684091
22,Đông Hải 4, Hoà Hải, Ngũ Hành Sơn, Đà Nẵng 550000, Vietnam,15.9912945,108.2683539
23,Đông Hải 4, Hoà Hải, Ngũ Hành Sơn, Đà Nẵng 550000, Vietnam,15.9912945,108.2683539
24,Đông Hải 4, Hoà Hải, Ngũ Hành Sơn, Đà Nẵng 550000, Vietnam,15.9912945,108.2683539
25,Đông Hải 4, Hoà Hải, Ngũ Hành Sơn, Đà Nẵng 550000, Vietnam,15.9912945,108.2683539
26,Đông Hải 4, Hoà Hải, Ngũ Hành Sơn, Đà Nẵng 550000, Vietnam,15.9912945,108.2683539
27,Đông Hải 4, Hoà Hải, Ngũ Hành Sơn, Đà Nẵng 550000, Vietnam,15.9912945,108.2683539
28,Đông Hải 4, Hoà Hải, Ngũ Hành Sơn, Đà Nẵng 550000, Vietnam,15.9912945,108.2683539
29,Đông Hải 4, Hoà Hải, Ngũ Hành Sơn, Đà Nẵng 550000, Vietnam,15.9912945,108.2683539
30,Đông Hải 4, Hoà Hải, Ngũ Hành Sơn, Đà Nẵng 550000, Vietnam,15.9912945,108.2683539
1,Nguyễn Phạm Tuân, Hoà Hải, Ngũ Hành Sơn, Đà Nẵng 550000, Vietnam,15.993223,108.2685117
2,Nguyễn Phạm Tuân, Hoà Hải, Ngũ Hành Sơn, Đà Nẵng 550000, Vietnam,15.9931123,108.2683619
3,Nguyễn Phạm Tuân, Hoà Hải, Ngũ Hành Sơn, Đà Nẵng 550000, Vietnam,15.993223,108.2685117
4,Nguyễn Phạm Tuân, Hoà Hải, Ngũ Hành Sơn, Đà Nẵng 550000, Vietnam,15.9931123,108.2683619
5,Nguyễn Phạm Tuân, Hoà Hải, Ngũ Hành Sơn, Đà Nẵng 550000, Vietnam,15.993223,108.2685117
6,Nguyễn Phạm Tuân, Hoà Hải, Ngũ Hành Sơn, Đà Nẵng 550000, Vietnam,15.9930736,108.2683831
7,Nguyễn Phạm Tuân, Hoà Hải, Ngũ Hành Sơn, Đà Nẵng 550000, Vietnam,15.993223,108.2685117
8,Nguyễn Phạm Tuân, Hoà Hải, Ngũ Hành Sơn, Đà Nẵng 550000, Vietnam,15.9930349,108.2684042
9,Nguyễn Phạm Tuân, Hoà Hải, Ngũ Hành Sơn, Đà Nẵng 550000, Vietnam,15.993223,108.2685117
10,Nguyễn Phạm Tuân, Hoà Hải, Ngũ Hành Sơn, Đà Nẵng 550000, Vietnam,15.9929962,108.2684254
11,Nguyễn Phạm Tuân, Hoà Hải, Ngũ Hành Sơn, Đà Nẵng 550000, Vietnam,15.993223,108.2685117
12,Nguyễn Phạm Tuân, Hoà Hải, Ngũ Hành Sơn, Đà Nẵng 550000, Vietnam,15.9929717,108.2684747
13,Nguyễn Phạm Tuân, Hoà Hải, Ngũ Hành Sơn, Đà Nẵng 550000, Vietnam,15.993223,108.2685117
14,Nguyễn Phạm Tuân, Hoà Hải, Ngũ Hành Sơn, Đà Nẵng 550000, Vietnam,15.9929575,108.2684466
15,Nguyễn Phạm Tuân, Hoà Hải, Ngũ Hành Sơn, Đà Nẵng 550000, Vietnam,15.993223,108.2685117
16,Nguyễn Phạm Tuân, Hoà Hải, Ngũ Hành Sơn, Đà Nẵng 550000, Vietnam,15.9929575,108.2684466
17,Nguyễn Phạm Tuân, Hoà Hải, Ngũ Hành Sơn, Đà Nẵng 550000, Vietnam,15.993223,108.2685117
18,Nguyễn Phạm Tuân, Hoà Hải, Ngũ Hành Sơn, Đà Nẵng 550000, Vietnam,15.9929575,108.2684466
19,Nguyễn Phạm Tuân, Hoà Hải, Ngũ Hành Sơn, Đà Nẵng 550000, Vietnam,15.9932008,108.2684678
20,Nguyễn Phạm Tuân, Hoà Hải, Ngũ Hành Sơn, Đà Nẵng 550000, Vietnam,15.9929575,108.2684466
21,Nguyễn Phạm Tuân, Hoà Hải, Ngũ Hành Sơn, Đà Nẵng 550000, Vietnam,15.9931426,108.2684892
22,Nguyễn Phạm Tuân, Hoà Hải, Ngũ Hành Sơn, Đà Nẵng 550000, Vietnam,15.9929575,108.2684466
23,Nguyễn Phạm Tuân, Hoà Hải, Ngũ Hành Sơn, Đà Nẵng 550000, Vietnam,15.9930887,108.2685311
24,Nguyễn Phạm Tuân, Hoà Hải, Ngũ Hành Sơn, Đà Nẵng 550000, Vietnam,15.9929575,108.2684466
25,Nguyễn Phạm Tuân, Hoà Hải, Ngũ Hành Sơn, Đà Nẵng 550000, Vietnam,15.9930691,108.268596
26,Nguyễn Phạm Tuân, Hoà Hải, Ngũ Hành Sơn, Đà Nẵng 550000, Vietnam,15.9919666,108.2689672
27,Nguyễn Phạm Tuân, Hoà Hải, Ngũ Hành Sơn, Đà Nẵng 550000, Vietnam,15.9930046,108.268572
28,Nguyễn Phạm Tuân, Hoà Hải, Ngũ Hành Sơn, Đà Nẵng 550000, Vietnam,15.9919666,108.2689672
29,Nguyễn Phạm Tuân, Hoà Hải, Ngũ Hành Sơn, Đà Nẵng 550000, Vietnam,15.9929903,108.2686391
30,Nguyễn Phạm Tuân, Hoà Hải, Ngũ Hành Sơn, Đà Nẵng 550000, Vietnam,15.9919666,108.2689672
31,Nguyễn Phạm Tuân, Hoà Hải, Ngũ Hành Sơn, Đà Nẵng 550000, Vietnam,15.9929421,108.2686426
32,Nguyễn Phạm Tuân, Hoà Hải, Ngũ Hành Sơn, Đà Nẵng 550000, Vietnam,15.9919666,108.2689672
33,Nguyễn Phạm Tuân, Hoà Hải, Ngũ Hành Sơn, Đà Nẵng 550000, Vietnam,15.9929176,108.2686789
34,Nguyễn Phạm Tuân, Hoà Hải, Ngũ Hành Sơn, Đà Nẵng 550000, Vietnam,15.9919666,108.2689672
35,Nguyễn Phạm Tuân, Hoà Hải, Ngũ Hành Sơn, Đà Nẵng 550000, Vietnam,15.9928827,108.2686979
36,Nguyễn Phạm Tuân, Hoà Hải, Ngũ Hành Sơn, Đà Nẵng 550000, Vietnam,15.9919933,108.269021
37,Nguyễn Phạm Tuân, Hoà Hải, Ngũ Hành Sơn, Đà Nẵng 550000, Vietnam,15.9928479,108.268717
38,Nguyễn Phạm Tuân, Hoà Hải, Ngũ Hành Sơn, Đà Nẵng 550000, Vietnam,15.991938,108.2689826
39,Nguyễn Phạm Tuân, Hoà Hải, Ngũ Hành Sơn, Đà Nẵng 550000, Vietnam,15.992813,108.2687361
40,Nguyễn Phạm Tuân, Hoà Hải, Ngũ Hành Sơn, Đà Nẵng 550000, Vietnam,15.9919332,108.2690461
41,Nguyễn Phạm Tuân, Hoà Hải, Ngũ Hành Sơn, Đà Nẵng 550000, Vietnam,15.9927781,108.2687552
42,Nguyễn Phạm Tuân, Hoà Hải, Ngũ Hành Sơn, Đà Nẵng 550000, Vietnam,15.9919094,108.268998
43,Nguyễn Phạm Tuân, Hoà Hải, Ngũ Hành Sơn, Đà Nẵng 550000, Vietnam,15.992743,108.2687849
44,Nguyễn Phạm Tuân, Hoà Hải, Ngũ Hành Sơn, Đà Nẵng 550000, Vietnam,15.9919094,108.268998
45,Nguyễn Phạm Tuân, Hoà Hải, Ngũ Hành Sơn, Đà Nẵng 550000, Vietnam,15.9927432,108.2687743
46,Nguyễn Phạm Tuân, Hoà Hải, Ngũ Hành Sơn, Đà Nẵng 550000, Vietnam,15.9919094,108.268998
47,Nguyễn Phạm Tuân, Hoà Hải, Ngũ Hành Sơn, Đà Nẵng 550000, Vietnam,15.9921461,108.2690491
48,Nguyễn Phạm Tuân, Hoà Hải, Ngũ Hành Sơn, Đà Nẵng 550000, Vietnam,15.9919094,108.268998
49,Nguyễn Phạm Tuân, Hoà Hải, Ngũ Hành Sơn, Đà Nẵng 550000, Vietnam,15.9921295,108.2691483
50,Nguyễn Phạm Tuân, Hoà Hải, Ngũ Hành Sơn, Đà Nẵng 550000, Vietnam,15.9919094,108.268998
51,Nguyễn Phạm Tuân, Hoà Hải, Ngũ Hành Sơn, Đà Nẵng 550000, Vietnam,15.9920681,108.2691573
52,Nguyễn Phạm Tuân, Hoà Hải, Ngũ Hành Sơn, Đà Nẵng 550000, Vietnam,15.9919094,108.268998
53,Nguyễn Phạm Tuân, Hoà Hải, Ngũ Hành Sơn, Đà Nẵng 550000, Vietnam,15.992023,108.2692055
54,Nguyễn Phạm Tuân, Hoà Hải, Ngũ Hành Sơn, Đà Nẵng 550000, Vietnam,15.9905612,108.2698644
55,Nguyễn Phạm Tuân, Hoà Hải, Ngũ Hành Sơn, Đà Nẵng 550000, Vietnam,15.9919564,108.2692103
56,Nguyễn Phạm Tuân, Hoà Hải, Ngũ Hành Sơn, Đà Nẵng 550000, Vietnam,15.9905612,108.2698644
57,Nguyễn Phạm Tuân, Hoà Hải, Ngũ Hành Sơn, Đà Nẵng 550000, Vietnam,15.9919685,108.2692347
58,Nguyễn Phạm Tuân, Hoà Hải, Ngũ Hành Sơn, Đà Nẵng 550000, Vietnam,15.9905612,108.2698644
59,Nguyễn Phạm Tuân, Hoà Hải, Ngũ Hành Sơn, Đà Nẵng 550000, Vietnam,15.9919685,108.2692347
60,Nguyễn Phạm Tuân, Hoà Hải, Ngũ Hành Sơn, Đà Nẵng 550000, Vietnam,15.9905612,108.2698644
61,Nguyễn Phạm Tuân, Hoà Hải, Ngũ Hành Sơn, Đà Nẵng 550000, Vietnam,15.9905612,108.2698644
62,Nguyễn Phạm Tuân, Hoà Hải, Ngũ Hành Sơn, Đà Nẵng 550000, Vietnam,15.9905612,108.2698644
63,Nguyễn Phạm Tuân, Hoà Hải, Ngũ Hành Sơn, Đà Nẵng 550000, Vietnam,15.9905612,108.2698644
64,Nguyễn Phạm Tuân, Hoà Hải, Ngũ Hành Sơn, Đà Nẵng 550000, Vietnam,15.9905361,108.2698156
65,Nguyễn Phạm Tuân, Hoà Hải, Ngũ Hành Sơn, Đà Nẵng 550000, Vietnam,15.9905328,108.2698802
66,Nguyễn Phạm Tuân, Hoà Hải, Ngũ Hành Sơn, Đà Nẵng 550000, Vietnam,15.9905043,108.269896
67,Nguyễn Phạm Tuân, Hoà Hải, Ngũ Hành Sơn, Đà Nẵng 550000, Vietnam,15.9904759,108.2699118
68,Nguyễn Phạm Tuân, Hoà Hải, Ngũ Hành Sơn, Đà Nẵng 550000, Vietnam,15.9904474,108.2699277
69,Nguyễn Phạm Tuân, Hoà Hải, Ngũ Hành Sơn, Đà Nẵng 550000, Vietnam,15.990419,108.2699435
70,Nguyễn Phạm Tuân, Hoà Hải, Ngũ Hành Sơn, Đà Nẵng 550000, Vietnam,15.9903906,108.2699593
71,Nguyễn Phạm Tuân, Hoà Hải, Ngũ Hành Sơn, Đà Nẵng 550000, Vietnam,15.9903621,108.2699751
72,Nguyễn Phạm Tuân, Hoà Hải, Ngũ Hành Sơn, Đà Nẵng 550000, Vietnam,15.9903144,108.2699534
73,Nguyễn Phạm Tuân, Hoà Hải, Ngũ Hành Sơn, Đà Nẵng 550000, Vietnam,15.9903104,108.2700038
74,Nguyễn Phạm Tuân, Hoà Hải, Ngũ Hành Sơn, Đà Nẵng 550000, Vietnam,15.9902676,108.2699787
75,Nguyễn Phạm Tuân, Hoà Hải, Ngũ Hành Sơn, Đà Nẵng 550000, Vietnam,15.9902587,108.2700326
76,Nguyễn Phạm Tuân, Hoà Hải, Ngũ Hành Sơn, Đà Nẵng 550000, Vietnam,15.9902303,108.2700484
77,Nguyễn Phạm Tuân, Hoà Hải, Ngũ Hành Sơn, Đà Nẵng 550000, Vietnam,15.9902019,108.2700642
78,Nguyễn Phạm Tuân, Hoà Hải, Ngũ Hành Sơn, Đà Nẵng 550000, Vietnam,15.9901538,108.2700419
79,Nguyễn Phạm Tuân, Hoà Hải, Ngũ Hành Sơn, Đà Nẵng 550000, Vietnam,15.9901395,108.2700989
80,Nguyễn Phạm Tuân, Hoà Hải, Ngũ Hành Sơn, Đà Nẵng 550000, Vietnam,15.9901055,108.2701178
81,Nguyễn Phạm Tuân, Hoà Hải, Ngũ Hành Sơn, Đà Nẵng 550000, Vietnam,15.9900716,108.2701367
82,Nguyễn Phạm Tuân, Hoà Hải, Ngũ Hành Sơn, Đà Nẵng 550000, Vietnam,15.990018,108.2701174
83,Nguyễn Phạm Tuân, Hoà Hải, Ngũ Hành Sơn, Đà Nẵng 550000, Vietnam,15.9900173,108.2701668
84,Nguyễn Phạm Tuân, Hoà Hải, Ngũ Hành Sơn, Đà Nẵng 550000, Vietnam,15.989997,108.2701781
85,Nguyễn Phạm Tuân, Hoà Hải, Ngũ Hành Sơn, Đà Nẵng 550000, Vietnam,15.9899767,108.2701894
86,Nguyễn Phạm Tuân, Hoà Hải, Ngũ Hành Sơn, Đà Nẵng 550000, Vietnam,15.9899565,108.2702007
87,Nguyễn Phạm Tuân, Hoà Hải, Ngũ Hành Sơn, Đà Nẵng 550000, Vietnam,15.9899362,108.2702119
88,Nguyễn Phạm Tuân, Hoà Hải, Ngũ Hành Sơn, Đà Nẵng 550000, Vietnam,15.9899159,108.2702232
89,Nguyễn Phạm Tuân, Hoà Hải, Ngũ Hành Sơn, Đà Nẵng 550000, Vietnam,15.9898956,108.2702345
90,Nguyễn Phạm Tuân, Hoà Hải, Ngũ Hành Sơn, Đà Nẵng 550000, Vietnam,15.989816,108.2701304
91,Nguyễn Phạm Tuân, Hoà Hải, Ngũ Hành Sơn, Đà Nẵng 550000, Vietnam,15.9898383,108.2702664
92,Nguyễn Phạm Tuân, Hoà Hải, Ngũ Hành Sơn, Đà Nẵng 550000, Vietnam,15.9897886,108.2702623
93,Nguyễn Phạm Tuân, Hoà Hải, Ngũ Hành Sơn, Đà Nẵng 550000, Vietnam,15.9897733,108.2703025
94,Nguyễn Phạm Tuân, Hoà Hải, Ngũ Hành Sơn, Đà Nẵng 550000, Vietnam,15.9897454,108.270318
95,Nguyễn Phạm Tuân, Hoà Hải, Ngũ Hành Sơn, Đà Nẵng 550000, Vietnam,15.9897174,108.2703336
96,Nguyễn Phạm Tuân, Hoà Hải, Ngũ Hành Sơn, Đà Nẵng 550000, Vietnam,15.9896895,108.2703491
97,Nguyễn Phạm Tuân, Hoà Hải, Ngũ Hành Sơn, Đà Nẵng 550000, Vietnam,15.9896615,108.2703646
98,Nguyễn Phạm Tuân, Hoà Hải, Ngũ Hành Sơn, Đà Nẵng 550000, Vietnam,15.9896336,108.2703801
99,Nguyễn Phạm Tuân, Hoà Hải, Ngũ Hành Sơn, Đà Nẵng 550000, Vietnam,15.9896056,108.2703957
100,Nguyễn Phạm Tuân, Hoà Hải, Ngũ Hành Sơn, Đà Nẵng 550000, Vietnam,15.9895777,108.2704112
101,Nguyễn Phạm Tuân, Hoà Hải, Ngũ Hành Sơn, Đà Nẵng 550000, Vietnam,15.9895497,108.2704267
102,Nguyễn Phạm Tuân, Hoà Hải, Ngũ Hành Sơn, Đà Nẵng 550000, Vietnam,15.9895218,108.2704423
103,Nguyễn Phạm Tuân, Hoà Hải, Ngũ Hành Sơn, Đà Nẵng 550000, Vietnam,15.9894938,108.2704578
104,Nguyễn Phạm Tuân, Hoà Hải, Ngũ Hành Sơn, Đà Nẵng 550000, Vietnam,15.9894659,108.2704733
105,Nguyễn Phạm Tuân, Hoà Hải, Ngũ Hành Sơn, Đà Nẵng 550000, Vietnam,15.9894379,108.2704889
106,Nguyễn Phạm Tuân, Hoà Hải, Ngũ Hành Sơn, Đà Nẵng 550000, Vietnam,15.98941,108.2705044
107,Nguyễn Phạm Tuân, Hoà Hải, Ngũ Hành Sơn, Đà Nẵng 550000, Vietnam,15.989382,108.2705199
108,Nguyễn Phạm Tuân, Hoà Hải, Ngũ Hành Sơn, Đà Nẵng 550000, Vietnam,15.9893541,108.2705355
109,Nguyễn Phạm Tuân, Hoà Hải, Ngũ Hành Sơn, Đà Nẵng 550000, Vietnam,15.9893262,108.270551
110,Nguyễn Phạm Tuân, Hoà Hải, Ngũ Hành Sơn, Đà Nẵng 550000, Vietnam,15.9892982,108.2705665
111,Nguyễn Phạm Tuân, Hoà Hải, Ngũ Hành Sơn, Đà Nẵng 550000, Vietnam,15.9892703,108.2705821
112,Nguyễn Phạm Tuân, Hoà Hải, Ngũ Hành Sơn, Đà Nẵng 550000, Vietnam,15.9892423,108.2705976
113,Nguyễn Phạm Tuân, Hoà Hải, Ngũ Hành Sơn, Đà Nẵng 550000, Vietnam,15.9892144,108.2706131
114,Nguyễn Phạm Tuân, Hoà Hải, Ngũ Hành Sơn, Đà Nẵng 550000, Vietnam,15.9891864,108.2706287
115,Nguyễn Phạm Tuân, Hoà Hải, Ngũ Hành Sơn, Đà Nẵng 550000, Vietnam,15.9891585,108.2706442
116,Nguyễn Phạm Tuân, Hoà Hải, Ngũ Hành Sơn, Đà Nẵng 550000, Vietnam,15.9891305,108.2706598
117,Nguyễn Phạm Tuân, Hoà Hải, Ngũ Hành Sơn, Đà Nẵng 550000, Vietnam,15.9891026,108.2706753
118,Nguyễn Phạm Tuân, Hoà Hải, Ngũ Hành Sơn, Đà Nẵng 550000, Vietnam,15.9890746,108.2706908
119,Nguyễn Phạm Tuân, Hoà Hải, Ngũ Hành Sơn, Đà Nẵng 550000, Vietnam,15.9890467,108.2707064
120,Nguyễn Phạm Tuân, Hoà Hải, Ngũ Hành Sơn, Đà Nẵng 550000, Vietnam,15.9890187,108.2707219
121,Nguyễn Phạm Tuân, Hoà Hải, Ngũ Hành Sơn, Đà Nẵng 550000, Vietnam,15.9889908,108.2707374
122,Nguyễn Phạm Tuân, Hoà Hải, Ngũ Hành Sơn, Đà Nẵng 550000, Vietnam,15.9889629,108.270753
123,Nguyễn Phạm Tuân, Hoà Hải, Ngũ Hành Sơn, Đà Nẵng 550000, Vietnam,15.9889349,108.2707685
124,Nguyễn Phạm Tuân, Hoà Hải, Ngũ Hành Sơn, Đà Nẵng 550000, Vietnam,15.988907,108.2707841
125,Nguyễn Phạm Tuân, Hoà Hải, Ngũ Hành Sơn, Đà Nẵng 550000, Vietnam,15.988879,108.2707996
126,Nguyễn Phạm Tuân, Hoà Hải, Ngũ Hành Sơn, Đà Nẵng 550000, Vietnam,15.9888511,108.2708151
127,Nguyễn Phạm Tuân, Hoà Hải, Ngũ Hành Sơn, Đà Nẵng 550000, Vietnam,15.9888231,108.2708307
128,Nguyễn Phạm Tuân, Hoà Hải, Ngũ Hành Sơn, Đà Nẵng 550000, Vietnam,15.9887952,108.2708462
129,Nguyễn Phạm Tuân, Hoà Hải, Ngũ Hành Sơn, Đà Nẵng 550000, Vietnam,15.9887672,108.2708617
130,Nguyễn Phạm Tuân, Hoà Hải, Ngũ Hành Sơn, Đà Nẵng 550000, Vietnam,15.9887393,108.2708773
131,Nguyễn Phạm Tuân, Hoà Hải, Ngũ Hành Sơn, Đà Nẵng 550000, Vietnam,15.9887114,108.2708928
132,Nguyễn Phạm Tuân, Hoà Hải, Ngũ Hành Sơn, Đà Nẵng 550000, Vietnam,15.9886834,108.2709084
133,Nguyễn Phạm Tuân, Hoà Hải, Ngũ Hành Sơn, Đà Nẵng 550000, Vietnam,15.9886555,108.2709239
134,Nguyễn Phạm Tuân, Hoà Hải, Ngũ Hành Sơn, Đà Nẵng 550000, Vietnam,15.9886009,108.2708877
135,Nguyễn Phạm Tuân, Hoà Hải, Ngũ Hành Sơn, Đà Nẵng 550000, Vietnam,15.9886275,108.2709394
136,Nguyễn Phạm Tuân, Hoà Hải, Ngũ Hành Sơn, Đà Nẵng 550000, Vietnam,15.9886275,108.2709394
137,Nguyễn Phạm Tuân, Hoà Hải, Ngũ Hành Sơn, Đà Nẵng 550000, Vietnam,15.9886275,108.2709394
138,Nguyễn Phạm Tuân, Hoà Hải, Ngũ Hành Sơn, Đà Nẵng 550000, Vietnam,15.9886275,108.2709394
139,Nguyễn Phạm Tuân, Hoà Hải, Ngũ Hành Sơn, Đà Nẵng 550000, Vietnam,15.9886275,108.2709394
140,Nguyễn Phạm Tuân, Hoà Hải, Ngũ Hành Sơn, Đà Nẵng 550000, Vietnam,15.9886275,108.2709394
1,Phan Đình Thông, Hoà Hải, Ngũ Hành Sơn, Đà Nẵng 550000, Vietnam,15.9899434,108.2696433
2,Phan Đình Thông, Hoà Hải, Ngũ Hành Sơn, Đà Nẵng 550000, Vietnam,15.9899434,108.2696433
3,Phan Đình Thông, Hoà Hải, Ngũ Hành Sơn, Đà Nẵng 550000, Vietnam,15.9899434,108.2696433
4,Phan Đình Thông, Hoà Hải, Ngũ Hành Sơn, Đà Nẵng 550000, Vietnam,15.9899434,108.2696433
5,Phan Đình Thông, Hoà Hải, Ngũ Hành Sơn, Đà Nẵng 550000, Vietnam,15.9899434,108.2696433
6,Phan Đình Thông, Hoà Hải, Ngũ Hành Sơn, Đà Nẵng 550000, Vietnam,15.9899434,108.2696433
7,Phan Đình Thông, Hoà Hải, Ngũ Hành Sơn, Đà Nẵng 550000, Vietnam,15.9899434,108.2696433
8,Phan Đình Thông, Hoà Hải, Ngũ Hành Sơn, Đà Nẵng 550000, Vietnam,15.9899434,108.2696433
9,Phan Đình Thông, Hoà Hải, Ngũ Hành Sơn, Đà Nẵng 550000, Vietnam,15.9899434,108.2696433
10,Phan Đình Thông, Hoà Hải, Ngũ Hành Sơn, Đà Nẵng 550000, Vietnam,15.9899434,108.2696433
11,Phan Đình Thông, Hoà Hải, Ngũ Hành Sơn, Đà Nẵng 550000, Vietnam,15.9899434,108.2696433
12,Phan Đình Thông, Hoà Hải, Ngũ Hành Sơn, Đà Nẵng 550000, Vietnam,15.9899434,108.2696433
13,Phan Đình Thông, Hoà Hải, Ngũ Hành Sơn, Đà Nẵng 550000, Vietnam,15.9899434,108.2696433
14,Phan Đình Thông, Hoà Hải, Ngũ Hành Sơn, Đà Nẵng 550000, Vietnam,15.9899434,108.2696433
15,Phan Đình Thông, Hoà Hải, Ngũ Hành Sơn, Đà Nẵng 550000, Vietnam,15.9899434,108.2696433
16,Phan Đình Thông, Hoà Hải, Ngũ Hành Sơn, Đà Nẵng 550000, Vietnam,15.9899434,108.2696433
17,Phan Đình Thông, Hoà Hải, Ngũ Hành Sơn, Đà Nẵng 550000, Vietnam,15.9899983,108.2697434
18,Phan Đình Thông, Hoà Hải, Ngũ Hành Sơn, Đà Nẵng 550000, Vietnam,15.9899129,108.2696606
19,Phan Đình Thông, Hoà Hải, Ngũ Hành Sơn, Đà Nẵng 550000, Vietnam,15.9898824,108.2696779
20,Phan Đình Thông, Hoà Hải, Ngũ Hành Sơn, Đà Nẵng 550000, Vietnam,15.9898519,108.2696952
21,Phan Đình Thông, Hoà Hải, Ngũ Hành Sơn, Đà Nẵng 550000, Vietnam,15.9898214,108.2697125
22,Phan Đình Thông, Hoà Hải, Ngũ Hành Sơn, Đà Nẵng 550000, Vietnam,15.9897908,108.2697298
23,Phan Đình Thông, Hoà Hải, Ngũ Hành Sơn, Đà Nẵng 550000, Vietnam,15.9897603,108.269747
24,Phan Đình Thông, Hoà Hải, Ngũ Hành Sơn, Đà Nẵng 550000, Vietnam,15.9897298,108.2697643
25,Phan Đình Thông, Hoà Hải, Ngũ Hành Sơn, Đà Nẵng 550000, Vietnam,15.9897293,108.2698389
26,Phan Đình Thông, Hoà Hải, Ngũ Hành Sơn, Đà Nẵng 550000, Vietnam,15.9896746,108.2697956
27,Phan Đình Thông, Hoà Hải, Ngũ Hành Sơn, Đà Nẵng 550000, Vietnam,15.9896499,108.2698096
28,Phan Đình Thông, Hoà Hải, Ngũ Hành Sơn, Đà Nẵng 550000, Vietnam,15.9896252,108.2698236
29,Phan Đình Thông, Hoà Hải, Ngũ Hành Sơn, Đà Nẵng 550000, Vietnam,15.9896005,108.2698376
30,Phan Đình Thông, Hoà Hải, Ngũ Hành Sơn, Đà Nẵng 550000, Vietnam,15.9895758,108.2698516
31,Phan Đình Thông, Hoà Hải, Ngũ Hành Sơn, Đà Nẵng 550000, Vietnam,15.9895511,108.2698656
32,Phan Đình Thông, Hoà Hải, Ngũ Hành Sơn, Đà Nẵng 550000, Vietnam,15.9895264,108.2698796
33,Phan Đình Thông, Hoà Hải, Ngũ Hành Sơn, Đà Nẵng 550000, Vietnam,15.9895391,108.2699626
34,Phan Đình Thông, Hoà Hải, Ngũ Hành Sơn, Đà Nẵng 550000, Vietnam,15.9895017,108.2698936
35,Phan Đình Thông, Hoà Hải, Ngũ Hành Sơn, Đà Nẵng 550000, Vietnam,15.9895017,108.2698936
36,Phan Đình Thông, Hoà Hải, Ngũ Hành Sơn, Đà Nẵng 550000, Vietnam,15.9895017,108.2698936
37,Phan Đình Thông, Hoà Hải, Ngũ Hành Sơn, Đà Nẵng 550000, Vietnam,15.9895017,108.2698936
38,Phan Đình Thông, Hoà Hải, Ngũ Hành Sơn, Đà Nẵng 550000, Vietnam,15.9895017,108.2698936
39,Phan Đình Thông, Hoà Hải, Ngũ Hành Sơn, Đà Nẵng 550000, Vietnam,15.9895017,108.2698936
40,Phan Đình Thông, Hoà Hải, Ngũ Hành Sơn, Đà Nẵng 550000, Vietnam,15.9895017,108.2698936
41,Phan Đình Thông, Hoà Hải, Ngũ Hành Sơn, Đà Nẵng 550000, Vietnam,15.9895017,108.2698936
42,Phan Đình Thông, Hoà Hải, Ngũ Hành Sơn, Đà Nẵng 550000, Vietnam,15.9895017,108.2698936
43,Phan Đình Thông, Hoà Hải, Ngũ Hành Sơn, Đà Nẵng 550000, Vietnam,15.9895017,108.2698936
44,Phan Đình Thông, Hoà Hải, Ngũ Hành Sơn, Đà Nẵng 550000, Vietnam,15.9895017,108.2698936
45,Phan Đình Thông, Hoà Hải, Ngũ Hành Sơn, Đà Nẵng 550000, Vietnam,15.9895017,108.2698936
46,Phan Đình Thông, Hoà Hải, Ngũ Hành Sơn, Đà Nẵng 550000, Vietnam,15.9895017,108.2698936
47,Phan Đình Thông, Hoà Hải, Ngũ Hành Sơn, Đà Nẵng 550000, Vietnam,15.9895017,108.2698936
48,Phan Đình Thông, Hoà Hải, Ngũ Hành Sơn, Đà Nẵng 550000, Vietnam,15.9895017,108.2698936
49,Phan Đình Thông, Hoà Hải, Ngũ Hành Sơn, Đà Nẵng 550000, Vietnam,15.9895017,108.2698936
50,Phan Đình Thông, Hoà Hải, Ngũ Hành Sơn, Đà Nẵng 550000, Vietnam,15.9895017,108.2698936
51,Phan Đình Thông, Hoà Hải, Ngũ Hành Sơn, Đà Nẵng 550000, Vietnam,15.9895017,108.2698936
52,Phan Đình Thông, Hoà Hải, Ngũ Hành Sơn, Đà Nẵng 550000, Vietnam,15.9895017,108.2698936
53,Phan Đình Thông, Hoà Hải, Ngũ Hành Sơn, Đà Nẵng 550000, Vietnam,15.9895017,108.2698936
54,Phan Đình Thông, Hoà Hải, Ngũ Hành Sơn, Đà Nẵng 550000, Vietnam,15.9895017,108.2698936
55,Phan Đình Thông, Hoà Hải, Ngũ Hành Sơn, Đà Nẵng 550000, Vietnam,15.9895017,108.2698936
56,Phan Đình Thông, Hoà Hải, Ngũ Hành Sơn, Đà Nẵng 550000, Vietnam,15.9895017,108.2698936
57,Phan Đình Thông, Hoà Hải, Ngũ Hành Sơn, Đà Nẵng 550000, Vietnam,15.9895017,108.2698936
58,Phan Đình Thông, Hoà Hải, Ngũ Hành Sơn, Đà Nẵng 550000, Vietnam,15.9881768,108.2706208
59,Phan Đình Thông, Hoà Hải, Ngũ Hành Sơn, Đà Nẵng 550000, Vietnam,15.9881768,108.2706208
60,Phan Đình Thông, Hoà Hải, Ngũ Hành Sơn, Đà Nẵng 550000, Vietnam,15.9881768,108.2706208
61,Phan Đình Thông, Hoà Hải, Ngũ Hành Sơn, Đà Nẵng 550000, Vietnam,15.9881768,108.2706208
62,Phan Đình Thông, Hoà Hải, Ngũ Hành Sơn, Đà Nẵng 550000, Vietnam,15.9881768,108.2706208
63,Phan Đình Thông, Hoà Hải, Ngũ Hành Sơn, Đà Nẵng 550000, Vietnam,15.9881768,108.2706208
64,Phan Đình Thông, Hoà Hải, Ngũ Hành Sơn, Đà Nẵng 550000, Vietnam,15.9881768,108.2706208
65,Phan Đình Thông, Hoà Hải, Ngũ Hành Sơn, Đà Nẵng 550000, Vietnam,15.9881768,108.2706208
66,Phan Đình Thông, Hoà Hải, Ngũ Hành Sơn, Đà Nẵng 550000, Vietnam,15.9881768,108.2706208
67,Phan Đình Thông, Hoà Hải, Ngũ Hành Sơn, Đà Nẵng 550000, Vietnam,15.9881768,108.2706208
68,Phan Đình Thông, Hoà Hải, Ngũ Hành Sơn, Đà Nẵng 550000, Vietnam,15.9881768,108.2706208
69,Phan Đình Thông, Hoà Hải, Ngũ Hành Sơn, Đà Nẵng 550000, Vietnam,15.9881768,108.2706208
70,Phan Đình Thông, Hoà Hải, Ngũ Hành Sơn, Đà Nẵng 550000, Vietnam,15.9881768,108.2706208
71,Phan Đình Thông, Hoà Hải, Ngũ Hành Sơn, Đà Nẵng 550000, Vietnam,15.9881768,108.2706208
72,Phan Đình Thông, Hoà Hải, Ngũ Hành Sơn, Đà Nẵng 550000, Vietnam,15.9881768,108.2706208
73,Phan Đình Thông, Hoà Hải, Ngũ Hành Sơn, Đà Nẵng 550000, Vietnam,15.9881768,108.2706208
74,Phan Đình Thông, Hoà Hải, Ngũ Hành Sơn, Đà Nẵng 550000, Vietnam,15.9881768,108.2706208
75,Phan Đình Thông, Hoà Hải, Ngũ Hành Sơn, Đà Nẵng 550000, Vietnam,15.9881768,108.2706208
76,Phan Đình Thông, Hoà Hải, Ngũ Hành Sơn, Đà Nẵng 550000, Vietnam,15.9881768,108.2706208
77,Phan Đình Thông, Hoà Hải, Ngũ Hành Sơn, Đà Nẵng 550000, Vietnam,15.9881768,108.2706208
78,Phan Đình Thông, Hoà Hải, Ngũ Hành Sơn, Đà Nẵng 550000, Vietnam,15.9881768,108.2706208
79,Phan Đình Thông, Hoà Hải, Ngũ Hành Sơn, Đà Nẵng 550000, Vietnam,15.9881768,108.2706208
80,Phan Đình Thông, Hoà Hải, Ngũ Hành Sơn, Đà Nẵng 550000, Vietnam,15.9881768,108.2706208
81,Phan Đình Thông, Hoà Hải, Ngũ Hành Sơn, Đà Nẵng 550000, Vietnam,15.9882141,108.270697
82,Phan Đình Thông, Hoà Hải, Ngũ Hành Sơn, Đà Nẵng 550000, Vietnam,15.9881435,108.2706394
83,Phan Đình Thông, Hoà Hải, Ngũ Hành Sơn, Đà Nẵng 550000, Vietnam,15.9881351,108.2707063
1,Phan Tòng, Hoà Hải, Ngũ Hành Sơn, Đà Nẵng 549999, Vietnam,15.9908555,108.2694434
2,Phan Tòng, Hoà Hải, Ngũ Hành Sơn, Đà Nẵng 550000, Vietnam,15.9909608,108.2690913
3,Phan Tòng, Hoà Hải, Ngũ Hành Sơn, Đà Nẵng 550000, Vietnam,15.9908555,108.2694434
4,Phan Tòng, Hoà Hải, Ngũ Hành Sơn, Đà Nẵng 550000, Vietnam,15.9909608,108.2690913
5,Phan Tòng, Hoà Hải, Ngũ Hành Sơn, Đà Nẵng 550000, Vietnam,15.9908555,108.2694434
6,Phan Tòng, Hoà Hải, Ngũ Hành Sơn, Đà Nẵng 550000, Vietnam,15.9909608,108.2690913
7,Phan Tòng, Hoà Hải, Ngũ Hành Sơn, Đà Nẵng 550000, Vietnam,15.9908328,108.2694003
8,Phan Tòng, Hoà Hải, Ngũ Hành Sơn, Đà Nẵng 550000, Vietnam,15.9909608,108.2690913
9,Phan Tòng, Hoà Hải, Ngũ Hành Sơn, Đà Nẵng 550000, Vietnam,15.9908328,108.2694003
10,Phan Tòng, Hoà Hải, Ngũ Hành Sơn, Đà Nẵng 550000, Vietnam,15.9909608,108.2690913
11,Phan Tòng, Hoà Hải, Ngũ Hành Sơn, Đà Nẵng 550000, Vietnam,15.9908328,108.2694003
12,Phan Tòng, Hoà Hải, Ngũ Hành Sơn, Đà Nẵng 550000, Vietnam,15.9909608,108.2690913
13,Phan Tòng, Hoà Hải, Ngũ Hành Sơn, Đà Nẵng 550000, Vietnam,15.9908328,108.2694003
14,Phan Tòng, Hoà Hải, Ngũ Hành Sơn, Đà Nẵng 550000, Vietnam,15.9909608,108.2690913
15,Phan Tòng, Hoà Hải, Ngũ Hành Sơn, Đà Nẵng 550000, Vietnam,15.9908328,108.2694003
16,Phan Tòng, Hoà Hải, Ngũ Hành Sơn, Đà Nẵng 550000, Vietnam,15.9909608,108.2690913
17,Phan Tòng, Hoà Hải, Ngũ Hành Sơn, Đà Nẵng 550000, Vietnam,15.9908328,108.2694003
18,Phan Tòng, Hoà Hải, Ngũ Hành Sơn, Đà Nẵng 550000, Vietnam,15.9909608,108.2690913
19,Phan Tòng, Hoà Hải, Ngũ Hành Sơn, Đà Nẵng 550000, Vietnam,15.9908328,108.2694003
20,Phan Tòng, Hoà Hải, Ngũ Hành Sơn, Đà Nẵng 550000, Vietnam,15.9909608,108.2690913
21,Phan Tòng, Hoà Hải, Ngũ Hành Sơn, Đà Nẵng 550000, Vietnam,15.9908328,108.2694003
22,Phan Tòng, Hoà Hải, Ngũ Hành Sơn, Đà Nẵng 550000, Vietnam,15.9909608,108.2690913
23,Phan Tòng, Hoà Hải, Ngũ Hành Sơn, Đà Nẵng 550000, Vietnam,15.9908328,108.2694003
24,Phan Tòng, Hoà Hải, Ngũ Hành Sơn, Đà Nẵng 550000, Vietnam,15.9909395,108.2691048
25,Phan Tòng, Hoà Hải, Ngũ Hành Sơn, Đà Nẵng 550000, Vietnam,15.9908328,108.2694003
26,Phan Tòng, Hoà Hải, Ngũ Hành Sơn, Đà Nẵng 550000, Vietnam,15.9909401,108.2690519
27,Phan Tòng, Hoà Hải, Ngũ Hành Sơn, Đà Nẵng 550000, Vietnam,15.9902612,108.2679822
28,Phan Tòng, Hoà Hải, Ngũ Hành Sơn, Đà Nẵng 550000, Vietnam,15.9909194,108.2690125
29,Phan Tòng, Hoà Hải, Ngũ Hành Sơn, Đà Nẵng 550000, Vietnam,15.9902612,108.2679822
30,Phan Tòng, Hoà Hải, Ngũ Hành Sơn, Đà Nẵng 550000, Vietnam,15.9908987,108.2689731
31,Phan Tòng, Hoà Hải, Ngũ Hành Sơn, Đà Nẵng 550000, Vietnam,15.9902612,108.2679822
32,Phan Tòng, Hoà Hải, Ngũ Hành Sơn, Đà Nẵng 550000, Vietnam,15.9908435,108.2689534
33,Phan Tòng, Hoà Hải, Ngũ Hành Sơn, Đà Nẵng 550000, Vietnam,15.9902612,108.2679822
34,Phan Tòng, Hoà Hải, Ngũ Hành Sơn, Đà Nẵng 550000, Vietnam,15.990813,108.2689102
35,Phan Tòng, Hoà Hải, Ngũ Hành Sơn, Đà Nẵng 550000, Vietnam,15.9902612,108.2679822
36,Phan Tòng, Hoà Hải, Ngũ Hành Sơn, Đà Nẵng 550000, Vietnam,15.9908308,108.2688439
37,Phan Tòng, Hoà Hải, Ngũ Hành Sơn, Đà Nẵng 550000, Vietnam,15.9902612,108.2679822
38,Phan Tòng, Hoà Hải, Ngũ Hành Sơn, Đà Nẵng 550000, Vietnam,15.9908081,108.2688008
39,Phan Tòng, Hoà Hải, Ngũ Hành Sơn, Đà Nẵng 550000, Vietnam,15.9902612,108.2679822
40,Phan Tòng, Hoà Hải, Ngũ Hành Sơn, Đà Nẵng 550000, Vietnam,15.9907854,108.2687576
41,Phan Tòng, Hoà Hải, Ngũ Hành Sơn, Đà Nẵng 550000, Vietnam,15.9902612,108.2679822
42,Phan Tòng, Hoà Hải, Ngũ Hành Sơn, Đà Nẵng 550000, Vietnam,15.9907627,108.2687144
43,Phan Tòng, Hoà Hải, Ngũ Hành Sơn, Đà Nẵng 550000, Vietnam,15.9902612,108.2679822
44,Phan Tòng, Hoà Hải, Ngũ Hành Sơn, Đà Nẵng 550000, Vietnam,15.99074,108.2686712
45,Phan Tòng, Hoà Hải, Ngũ Hành Sơn, Đà Nẵng 550000, Vietnam,15.9902612,108.2679822
46,Phan Tòng, Hoà Hải, Ngũ Hành Sơn, Đà Nẵng 550000, Vietnam,15.9907173,108.268628
47,Phan Tòng, Hoà Hải, Ngũ Hành Sơn, Đà Nẵng 550000, Vietnam,15.9901778,108.2680309
