1, Đường Lâm Hoành, Phước Mỹ, Sơn Trà, Đà Nẵng, Việt Nam,16.0632809,108.2451968
2, Đường Lâm Hoành, Phước Mỹ, Sơn Trà, Đà Nẵng, Việt Nam,16.0633659,108.2450298
3, Đường Lâm Hoành, Phước Mỹ, Sơn Trà, Đà Nẵng, Việt Nam,16.0632809,108.2451968
4, Đường Lâm Hoành, Phước Mỹ, Sơn Trà, Đà Nẵng, Việt Nam,16.063316,108.2450722
5, Đường Lâm Hoành, Phước Mỹ, Sơn Trà, Đà Nẵng, Việt Nam,16.0632809,108.2451968
6, Đường Lâm Hoành, Phước Mỹ, Sơn Trà, Đà Nẵng, Việt Nam,16.063259,108.2450889
7, Đường Lâm Hoành, Phước Mỹ, Sơn Trà, Đà Nẵng, Việt Nam,16.0632809,108.2451968
8, Đường Lâm Hoành, Phước Mỹ, Sơn Trà, Đà Nẵng, Việt Nam,16.063202,108.2451056
9, Đường Lâm Hoành, Phước Mỹ, Sơn Trà, Đà Nẵng, Việt Nam,16.0628025,108.2453195
10, Đường Lâm Hoành, Phước Mỹ, Sơn Trà, Đà Nẵng, Việt Nam,16.063145,108.2451224
11, Đường Lâm Hoành, Phước Mỹ, Sơn Trà, Đà Nẵng, Việt Nam,16.0628025,108.2453195
12, Đường Lâm Hoành, Phước Mỹ, Sơn Trà, Đà Nẵng, Việt Nam,16.0630831,108.245121
13, Đường Lâm Hoành, Phước Mỹ, Sơn Trà, Đà Nẵng, Việt Nam,16.0628025,108.2453195
14, Đường Lâm Hoành, Phước Mỹ, Sơn Trà, Đà Nẵng, Việt Nam,16.0629268,108.2452544
15, Đường Lâm Hoành, Phước Mỹ, Sơn Trà, Đà Nẵng, Việt Nam,16.0628025,108.2453195
16, Đường Lâm Hoành, Phước Mỹ, Sơn Trà, Đà Nẵng, Việt Nam,16.0627818,108.2452321
17, Đường Lâm Hoành, Phước Mỹ, Sơn Trà, Đà Nẵng, Việt Nam,16.0603293,108.2455632
18, Đường Lâm Hoành, Phước Mỹ, Sơn Trà, Đà Nẵng, Việt Nam,16.0627419,108.2452414
19, Đường Lâm Hoành, Phước Mỹ, Sơn Trà, Đà Nẵng, Việt Nam,16.0623893,108.2454226
20, Đường Lâm Hoành, Phước Mỹ, Sơn Trà, Đà Nẵng, Việt Nam,16.0627102,108.2452445
21, Đường Lâm Hoành, Phước Mỹ, Sơn Trà, Đà Nẵng, Việt Nam,16.0623374,108.2454381
22, Đường Lâm Hoành, Phước Mỹ, Sơn Trà, Đà Nẵng, Việt Nam,16.0627154,108.2453393
23, Đường Lâm Hoành, Phước Mỹ, Sơn Trà, Đà Nẵng, Việt Nam,16.0622839,108.2454477
24, Đường Lâm Hoành, Phước Mỹ, Sơn Trà, Đà Nẵng, Việt Nam,16.0627728,108.2453084
25, Đường Lâm Hoành, Phước Mỹ, Sơn Trà, Đà Nẵng, Việt Nam,16.0622308,108.2454561
26, Đường Lâm Hoành, Phước Mỹ, Sơn Trà, Đà Nẵng, Việt Nam,16.0626945,108.2453432
27, Đường Lâm Hoành, Phước Mỹ, Sơn Trà, Đà Nẵng, Việt Nam,16.0621785,108.2454703
28, Đường Lâm Hoành, Phước Mỹ, Sơn Trà, Đà Nẵng, Việt Nam,16.0626841,108.2453451
29, Đường Lâm Hoành, Phước Mỹ, Sơn Trà, Đà Nẵng, Việt Nam,16.0626788,108.245346
30, Đường Lâm Hoành, Phước Mỹ, Sơn Trà, Đà Nẵng, Việt Nam,16.0626736,108.245347
31, Đường Lâm Hoành, Phước Mỹ, Sơn Trà, Đà Nẵng, Việt Nam,16.0626684,108.2453479
32, Đường Lâm Hoành, Phước Mỹ, Sơn Trà, Đà Nẵng, Việt Nam,16.062645,108.2451921
33, Đường Lâm Hoành, Phước Mỹ, Sơn Trà, Đà Nẵng, Việt Nam,16.0626632,108.2453489
34, Đường Lâm Hoành, Phước Mỹ, Sơn Trà, Đà Nẵng, Việt Nam,16.0624259,108.2453922
35, Đường Lâm Hoành, Phước Mỹ, Sơn Trà, Đà Nẵng, Việt Nam,16.0626632,108.2453489
36, Đường Lâm Hoành, Phước Mỹ, Sơn Trà, Đà Nẵng, Việt Nam,16.06225,108.2452519
37, Đường Lâm Hoành, Phước Mỹ, Sơn Trà, Đà Nẵng, Việt Nam,16.0626632,108.2453489
38, Đường Lâm Hoành, Phước Mỹ, Sơn Trà, Đà Nẵng, Việt Nam,16.0621272,108.2453026
39, Đường Lâm Hoành, Phước Mỹ, Sơn Trà, Đà Nẵng, Việt Nam,16.0613377,108.2455128
40, Đường Lâm Hoành, Phước Mỹ, Sơn Trà, Đà Nẵng, Việt Nam,16.0618571,108.2453342
41, Đường Lâm Hoành, Phước Mỹ, Sơn Trà, Đà Nẵng, Việt Nam,16.0613377,108.2455128
42, Đường Lâm Hoành, Phước Mỹ, Sơn Trà, Đà Nẵng, Việt Nam,16.0615772,108.2453865
43, Đường Lâm Hoành, Phước Mỹ, Sơn Trà, Đà Nẵng, Việt Nam,16.0613377,108.2455128
44, Đường Lâm Hoành, Phước Mỹ, Sơn Trà, Đà Nẵng, Việt Nam,16.0613377,108.2455128
45, Đường Lâm Hoành, Phước Mỹ, Sơn Trà, Đà Nẵng, Việt Nam,16.0612372,108.2455143
46, Đường Lâm Hoành, Phước Mỹ, Sơn Trà, Đà Nẵng, Việt Nam,16.0611357,108.2454391
47, Đường Lâm Hoành, Phước Mỹ, Sơn Trà, Đà Nẵng, Việt Nam,16.0610754,108.2455168
48, Đường Lâm Hoành, Phước Mỹ, Sơn Trà, Đà Nẵng, Việt Nam,16.0610131,108.2454394
49, Đường Lâm Hoành, Phước Mỹ, Sơn Trà, Đà Nẵng, Việt Nam,16.0609523,108.2455186
50, Đường Lâm Hoành, Phước Mỹ, Sơn Trà, Đà Nẵng, Việt Nam,16.0605742,108.2454331
51, Đường Lâm Hoành, Phước Mỹ, Sơn Trà, Đà Nẵng, Việt Nam,16.0608285,108.2455205
52, Đường Lâm Hoành, Phước Mỹ, Sơn Trà, Đà Nẵng, Việt Nam,16.0607654,108.2454373
53, Đường Lâm Hoành, Phước Mỹ, Sơn Trà, Đà Nẵng, Việt Nam,16.0607666,108.2455214
54, Đường Lâm Hoành, Phước Mỹ, Sơn Trà, Đà Nẵng, Việt Nam,16.0605382,108.2454373
55, Đường Lâm Hoành, Phước Mỹ, Sơn Trà, Đà Nẵng, Việt Nam,16.0607666,108.2455214
56, Đường Lâm Hoành, Phước Mỹ, Sơn Trà, Đà Nẵng, Việt Nam,16.0604606,108.2454131
57, Đường Lâm Hoành, Phước Mỹ, Sơn Trà, Đà Nẵng, Việt Nam,16.0607666,108.2455214
58, Đường Lâm Hoành, Phước Mỹ, Sơn Trà, Đà Nẵng, Việt Nam,16.0603728,108.245442
59, Đường Lâm Hoành, Phước Mỹ, Sơn Trà, Đà Nẵng, Việt Nam,16.0607666,108.2455214
60, Đường Lâm Hoành, Phước Mỹ, Sơn Trà, Đà Nẵng, Việt Nam,16.0602713,108.2453862
61, Đường Lâm Hoành, Phước Mỹ, Sơn Trà, Đà Nẵng, Việt Nam,16.0607666,108.2455214
62, Đường Lâm Hoành, Phước Mỹ, Sơn Trà, Đà Nẵng, Việt Nam,16.0600948,108.2454485
63, Đường Lâm Hoành, Phước Mỹ, Sơn Trà, Đà Nẵng, Việt Nam,16.0607666,108.2455214
64, Đường Lâm Hoành, Phước Mỹ, Sơn Trà, Đà Nẵng, Việt Nam,16.0599172,108.2454669
65, Đường Lâm Hoành, Phước Mỹ, Sơn Trà, Đà Nẵng, Việt Nam,16.0594646,108.2452126
66, Đường Lâm Hoành, Phước Mỹ, Sơn Trà, Đà Nẵng, Việt Nam,16.0598551,108.24547
67, Đường Lâm Hoành, Phước Mỹ, Sơn Trà, Đà Nẵng, Việt Nam,16.0594646,108.2452126
68, Đường Lâm Hoành, Phước Mỹ, Sơn Trà, Đà Nẵng, Việt Nam,16.0597934,108.2454724
69, Đường Lâm Hoành, Phước Mỹ, Sơn Trà, Đà Nẵng, Việt Nam,16.0594646,108.2452126
70, Đường Lâm Hoành, Phước Mỹ, Sơn Trà, Đà Nẵng, Việt Nam,16.0597367,108.2454804
70, Đường Lâm Hoành, Phước Mỹ, Sơn Trà, Đà Nẵng, Việt Nam,16.0597367,108.2454804
72, Đường Lâm Hoành, Phước Mỹ, Sơn Trà, Đà Nẵng, Việt Nam,16.0596796,108.2454837
1, Lê Hữu Trác, An Hải Đông, Sơn Trà, Đà Nẵng, Việt Nam,16.057403,108.2360314
2, Lê Hữu Trác, An Hải Đông, Sơn Trà, Đà Nẵng, Việt Nam,16.0572169,108.2358885
3, Lê Hữu Trác, An Hải Đông, Sơn Trà, Đà Nẵng, Việt Nam,16.0572891,108.2362962
4, Lê Hữu Trác, An Hải Đông, Sơn Trà, Đà Nẵng, Việt Nam,16.0572998,108.2365769
5, Lê Hữu Trác, An Hải Đông, Sơn Trà, Đà Nẵng, Việt Nam,16.0575778,108.2360172
6, Lê Hữu Trác, An Hải Đông, Sơn Trà, Đà Nẵng, Việt Nam,16.0573083,108.2366078
7, Lê Hữu Trác, An Hải Đông, Sơn Trà, Đà Nẵng, Việt Nam,16.0573279,108.236442
8, Lê Hữu Trác, An Hải Đông, Sơn Trà, Đà Nẵng, Việt Nam,16.0572551,108.2362363
9, Lê Hữu Trác, An Hải Đông, Sơn Trà, Đà Nẵng, Việt Nam,16.0573664,108.2365912
10, Lê Hữu Trác, An Hải Đông, Sơn Trà, Đà Nẵng, Việt Nam,16.0573819,108.2366556
11, Lê Hữu Trác, An Hải Đông, Sơn Trà, Đà Nẵng, Việt Nam,16.0576241,108.2367199
12, Lê Hữu Trác, An Hải Đông, Sơn Trà, Đà Nẵng, Việt Nam,16.0573224,108.2366864
13, Lê Hữu Trác, An Hải Đông, Sơn Trà, Đà Nẵng, Việt Nam,16.0574904,108.236665
14, Lê Hữu Trác, An Hải Đông, Sơn Trà, Đà Nẵng, Việt Nam,16.0573436,108.2367346
15, Lê Hữu Trác, An Hải Đông, Sơn Trà, Đà Nẵng, Việt Nam,16.0574659,108.2367299
16, Lê Hữu Trác, An Hải Đông, Sơn Trà, Đà Nẵng, Việt Nam,16.0573245,108.2368718
17, Lê Hữu Trác, An Hải Đông, Sơn Trà, Đà Nẵng, Việt Nam,16.0573711,108.2368541
18, Lê Hữu Trác, An Hải Đông, Sơn Trà, Đà Nẵng, Việt Nam,16.057387,108.2368004
19, Lê Hữu Trác, An Hải Đông, Sơn Trà, Đà Nẵng, Việt Nam,16.0574863,108.2368854
20, Lê Hữu Trác, An Hải Đông, Sơn Trà, Đà Nẵng, Việt Nam,16.0573711,108.2368541
21, Lê Hữu Trác, An Hải Đông, Sơn Trà, Đà Nẵng, Việt Nam,16.0574925,108.2369066
22, Lê Hữu Trác, An Hải Đông, Sơn Trà, Đà Nẵng, Việt Nam,16.0573852,108.236884
23, Lê Hữu Trác, An Hải Đông, Sơn Trà, Đà Nẵng, Việt Nam,16.057558,108.2370429
24, Lê Hữu Trác, An Hải Đông, Sơn Trà, Đà Nẵng, Việt Nam,16.0573939,108.2369155
25, Lê Hữu Trác, An Hải Đông, Sơn Trà, Đà Nẵng, Việt Nam,16.0577863,108.2378912
26, Lê Hữu Trác, An Hải Đông, Sơn Trà, Đà Nẵng, Việt Nam,16.0574027,108.2369469
27, Lê Hữu Trác, Phước Mỹ, Sơn Trà, Đà Nẵng, Việt Nam,16.0582436,108.2392661
28, Lê Hữu Trác, An Hải Đông, Sơn Trà, Đà Nẵng, Việt Nam,16.0574239,108.2369746
29, Lê Hữu Trác, An Hải Đông, Sơn Trà, Đà Nẵng, Việt Nam,16.0578295,108.2380934
30, Lê Hữu Trác, An Hải Đông, Sơn Trà, Đà Nẵng, Việt Nam,16.0574376,108.2370284
31, Lê Hữu Trác, An Hải Đông, Sơn Trà, Đà Nẵng, Việt Nam,16.0578383,108.2381144
32, Lê Hữu Trác, An Hải Đông, Sơn Trà, Đà Nẵng, Việt Nam,16.0575448,108.2374456
33, Lê Hữu Trác, An Hải Đông, Sơn Trà, Đà Nẵng, Việt Nam,16.0578376,108.2381248
34, Lê Hữu Trác, An Hải Đông, Sơn Trà, Đà Nẵng, Việt Nam,16.057667,108.2379488
35, Lê Hữu Trác, An Hải Đông, Sơn Trà, Đà Nẵng, Việt Nam,16.0578724,108.23816
36, Lê Hữu Trác, An Hải Đông, Sơn Trà, Đà Nẵng, Việt Nam,16.0577102,108.2380128
37, Lê Hữu Trác, An Hải Đông, Sơn Trà, Đà Nẵng, Việt Nam,16.0578509,108.2382135
38, Lê Hữu Trác, An Hải Đông, Sơn Trà, Đà Nẵng, Việt Nam,16.0577313,108.2380636
39, Lê Hữu Trác, An Hải Đông, Sơn Trà, Đà Nẵng, Việt Nam,16.0578707,108.2382838
40, Lê Hữu Trác, An Hải Đông, Sơn Trà, Đà Nẵng, Việt Nam,16.0577179,108.2382353
41, Lê Hữu Trác, An Hải Đông, Sơn Trà, Đà Nẵng, Việt Nam,16.0578957,108.2383728
42, Lê Hữu Trác, An Hải Đông, Sơn Trà, Đà Nẵng, Việt Nam,16.0577208,108.2383292
43, Lê Hữu Trác, Phước Mỹ, Sơn Trà, Đà Nẵng, Việt Nam,16.0580017,108.2381884
44, Lê Hữu Trác, An Hải Đông, Sơn Trà, Đà Nẵng, Việt Nam,16.0577975,108.238368
45, Lê Hữu Trác, An Hải Đông, Sơn Trà, Đà Nẵng, Việt Nam,16.0579394,108.2384657
46, Lê Hữu Trác, An Hải Đông, Sơn Trà, Đà Nẵng, Việt Nam,16.0578202,108.2384008
47, Lê Hữu Trác, An Hải Đông, Sơn Trà, Đà Nẵng, Việt Nam,16.0579517,108.2385316
48, Lê Hữu Trác, An Hải Đông, Sơn Trà, Đà Nẵng, Việt Nam,16.0578678,108.2384272
49, Lê Hữu Trác, An Hải Đông, Sơn Trà, Đà Nẵng, Việt Nam,16.057949,108.2386672
50, Lê Hữu Trác, An Hải Đông, Sơn Trà, Đà Nẵng, Việt Nam,16.0577724,108.2386179
51, Lê Hữu Trác, An Hải Đông, Sơn Trà, Đà Nẵng, Việt Nam,16.0579593,108.238737
52, Lê Hữu Trác, An Hải Đông, Sơn Trà, Đà Nẵng, Việt Nam,16.0578819,108.2385331
53, Lê Hữu Trác, An Hải Đông, Sơn Trà, Đà Nẵng, Việt Nam,16.0580127,108.2387731
54, Lê Hữu Trác, An Hải Đông, Sơn Trà, Đà Nẵng, Việt Nam,16.0579542,108.2387324
55, Lê Hữu Trác, An Hải Đông, Sơn Trà, Đà Nẵng, Việt Nam,16.0580409,108.2388079
56, Lê Hữu Trác, An Hải Đông, Sơn Trà, Đà Nẵng, Việt Nam,16.0579235,108.2388563
57, Lê Hữu Trác, An Hải Đông, Sơn Trà, Đà Nẵng, Việt Nam,16.0580836,108.2389151
58, Lê Hữu Trác, An Hải Đông, Sơn Trà, Đà Nẵng, Việt Nam,16.0579609,108.2389212
59, Lê Hữu Trác, An Hải Đông, Sơn Trà, Đà Nẵng, Việt Nam,16.0581401,108.2391755
60, Lê Hữu Trác, An Hải Đông, Sơn Trà, Đà Nẵng, Việt Nam,16.057941,108.2389763
61, Lê Hữu Trác, Phước Mỹ, Sơn Trà, Đà Nẵng, Việt Nam,16.0583034,108.2394565
62, Lê Hữu Trác, An Hải Đông, Sơn Trà, Đà Nẵng, Việt Nam,16.0579962,108.2390444
63, Lê Hữu Trác, An Hải Đông, Sơn Trà, Đà Nẵng, Việt Nam,16.0581552,108.2392466
64, Lê Hữu Trác, An Hải Đông, Sơn Trà, Đà Nẵng, Việt Nam,16.0580517,108.2390379
65, Lê Hữu Trác, An Hải Đông, Sơn Trà, Đà Nẵng, Việt Nam,16.0582028,108.2393854
66, Lê Hữu Trác, An Hải Đông, Sơn Trà, Đà Nẵng, Việt Nam,16.0581088,108.2392949
67, Lê Hữu Trác, An Hải Đông, Sơn Trà, Đà Nẵng, Việt Nam,16.0582948,108.239508
68, Lê Hữu Trác, An Hải Đông, Sơn Trà, Đà Nẵng, Việt Nam,16.0581149,108.2393351
69, Lê Hữu Trác, An Hải Đông, Sơn Trà, Đà Nẵng, Việt Nam,16.0582987,108.2395232
70, Lê Hữu Trác, An Hải Đông, Sơn Trà, Đà Nẵng, Việt Nam,16.0581004,108.2393928
71, Lê Hữu Trác, Phước Mỹ, Sơn Trà, Đà Nẵng, Việt Nam,16.0583487,108.2395257
72, Lê Hữu Trác, An Hải Đông, Sơn Trà, Đà Nẵng, Việt Nam,16.058106,108.2394446
73, Lê Hữu Trác, An Hải Đông, Sơn Trà, Đà Nẵng, Việt Nam,16.0583218,108.2397909
74, Lê Hữu Trác, An Hải Đông, Sơn Trà, Đà Nẵng, Việt Nam,16.0582028,108.2396083
75, Lê Hữu Trác, An Hải Đông, Sơn Trà, Đà Nẵng, Việt Nam,16.0584133,108.2398029
76, Lê Hữu Trác, An Hải Đông, Sơn Trà, Đà Nẵng, Việt Nam,16.0582167,108.2396037
77, Lê Hữu Trác, An Hải Đông, Sơn Trà, Đà Nẵng, Việt Nam,16.0584239,108.23984
78, Lê Hữu Trác, An Hải Đông, Sơn Trà, Đà Nẵng, Việt Nam,16.0581513,108.2395899
79, Lê Hữu Trác, Phước Mỹ, Sơn Trà, Đà Nẵng, Việt Nam,16.0584493,108.2398752
80, Lê Hữu Trác, An Hải Đông, Sơn Trà, Đà Nẵng, Việt Nam,16.0578458,108.2397938
81, Lê Hữu Trác, An Hải Đông, Sơn Trà, Đà Nẵng, Việt Nam,16.058439,108.2402675
82, Lê Hữu Trác, An Hải Đông, Sơn Trà, Đà Nẵng, Việt Nam,16.0582629,108.2397446
83, Lê Hữu Trác, An Hải Đông, Sơn Trà, Đà Nẵng, Việt Nam,16.0585075,108.2404222
84, Lê Hữu Trác, An Hải Đông, Sơn Trà, Đà Nẵng, Việt Nam,16.0582084,108.2398108
85, Lê Hữu Trác, Phước Mỹ, Sơn Trà, Đà Nẵng, Việt Nam,16.0585854,108.2404609
86, Lê Hữu Trác, An Hải Đông, Sơn Trà, Đà Nẵng, Việt Nam,16.0582677,108.2398599
87, Lê Hữu Trác, An Hải Đông, Sơn Trà, Đà Nẵng, Việt Nam,16.058555,108.2406252
88, Lê Hữu Trác, An Hải Đông, Sơn Trà, Đà Nẵng, Việt Nam,16.0582424,108.2399387
89, Lê Hữu Trác, An Hải Đông, Sơn Trà, Đà Nẵng, Việt Nam,16.0585515,108.2408148
90, Lê Hữu Trác, An Hải Đông, Sơn Trà, Đà Nẵng, Việt Nam,16.0582838,108.2399968
91, Lê Hữu Trác, An Hải Đông, Sơn Trà, Đà Nẵng, Việt Nam,16.0585779,108.2408452
92, Lê Hữu Trác, An Hải Đông, Sơn Trà, Đà Nẵng, Việt Nam,16.0582776,108.2400424
93, Lê Hữu Trác, An Hải Đông, Sơn Trà, Đà Nẵng, Việt Nam,16.0585418,108.2409042
94, Lê Hữu Trác, An Hải Đông, Sơn Trà, Đà Nẵng, Việt Nam,16.0583268,108.2402704
95, Lê Hữu Trác, An Hải Đông, Sơn Trà, Đà Nẵng, Việt Nam,16.0586576,108.2409981
96, Lê Hữu Trác, An Hải Đông, Sơn Trà, Đà Nẵng, Việt Nam,16.0583023,108.2403619
97, Lê Hữu Trác, Phước Mỹ, Sơn Trà, Đà Nẵng, Việt Nam,16.0587935,108.24122
98, Lê Hữu Trác, An Hải Đông, Sơn Trà, Đà Nẵng, Việt Nam,16.0583868,108.2405543
99, Lê Hữu Trác, An Hải Đông, Sơn Trà, Đà Nẵng, Việt Nam,16.0587474,108.2412851
100, Lê Hữu Trác, An Hải Đông, Sơn Trà, Đà Nẵng, Việt Nam,16.0584482,108.240542
101, Lê Hữu Trác, An Hải Đông, Sơn Trà, Đà Nẵng, Việt Nam,16.0589304,108.2412932
102, Lê Hữu Trác, An Hải Đông, Sơn Trà, Đà Nẵng, Việt Nam,16.0584491,108.240597
103, Lê Hữu Trác, An Hải Đông, Sơn Trà, Đà Nẵng, Việt Nam,16.0587981,108.2415022
104, Lê Hữu Trác, An Hải Đông, Sơn Trà, Đà Nẵng, Việt Nam,16.0584633,108.2406262
105, Lê Hữu Trác, An Hải Đông, Sơn Trà, Đà Nẵng, Việt Nam,16.0588359,108.2415617
106, Lê Hữu Trác, An Hải Đông, Sơn Trà, Đà Nẵng, Việt Nam,16.0584906,108.2406928
107, Lê Hữu Trác, An Hải Đông, Sơn Trà, Đà Nẵng, Việt Nam,16.0588569,108.2416578
109, Lê Hữu Trác, An Hải Đông, Sơn Trà, Đà Nẵng, Việt Nam,16.0587616,108.2412313
110, Lê Hữu Trác, An Hải Đông, Sơn Trà, Đà Nẵng, Việt Nam,16.0585515,108.2408148
111, Lê Hữu Trác, An Hải Đông, Sơn Trà, Đà Nẵng, Việt Nam,16.058859,108.2417776
113, Lê Hữu Trác, An Hải Đông, Sơn Trà, Đà Nẵng, Việt Nam,16.058886,108.241819
118, Lê Hữu Trác, An Hải Đông, Sơn Trà, Đà Nẵng, Việt Nam,16.0586037,108.2410598
119, Lê Hữu Trác, An Hải Đông, Sơn Trà, Đà Nẵng, Việt Nam,16.058762,108.2412327
120, Lê Hữu Trác, An Hải Đông, Sơn Trà, Đà Nẵng, Việt Nam,16.0586033,108.2410778
121, Lê Hữu Trác, An Hải Đông, Sơn Trà, Đà Nẵng, Việt Nam,16.0587621,108.241233
122, Lê Hữu Trác, An Hải Đông, Sơn Trà, Đà Nẵng, Việt Nam,16.0582227,108.2415742
123, Lê Hữu Trác, An Hải Đông, Sơn Trà, Đà Nẵng, Việt Nam,16.0587622,108.2412333
124, Lê Hữu Trác, An Hải Đông, Sơn Trà, Đà Nẵng, Việt Nam,16.0586781,108.2413741
125, Lê Hữu Trác, An Hải Đông, Sơn Trà, Đà Nẵng, Việt Nam,16.0587623,108.2412336
126, Lê Hữu Trác, An Hải Đông, Sơn Trà, Đà Nẵng, Việt Nam,16.0587041,108.2415227
127, Lê Hữu Trác, An Hải Đông, Sơn Trà, Đà Nẵng, Việt Nam,16.0587623,108.2412339
128, Lê Hữu Trác, An Hải Đông, Sơn Trà, Đà Nẵng, Việt Nam,16.0587624,108.241234
129, Lê Hữu Trác, An Hải Đông, Sơn Trà, Đà Nẵng, Việt Nam,16.0587624,108.2412341
130, Lê Hữu Trác, An Hải Đông, Sơn Trà, Đà Nẵng, Việt Nam,16.0587635,108.2415694
131, Lê Hữu Trác, An Hải Đông, Sơn Trà, Đà Nẵng, Việt Nam,16.0587625,108.2412344
132, Lê Hữu Trác, An Hải Đông, Sơn Trà, Đà Nẵng, Việt Nam,16.0587447,108.2417637
133, Lê Hữu Trác, An Hải Đông, Sơn Trà, Đà Nẵng, Việt Nam,16.0587626,108.2412347
134, Lê Hữu Trác, An Hải Đông, Sơn Trà, Đà Nẵng, Việt Nam,16.0585469,108.2419395
135, Lê Hữu Trác, An Hải Đông, Sơn Trà, Đà Nẵng, Việt Nam,16.0587626,108.241235
137, Lê Hữu Trác, An Hải Đông, Sơn Trà, Đà Nẵng, Việt Nam,16.0587627,108.2412353
138, Lê Hữu Trác, An Hải Đông, Sơn Trà, Đà Nẵng, Việt Nam,16.0588219,108.2419556
142, Lê Hữu Trác, An Hải Đông, Sơn Trà, Đà Nẵng, Việt Nam,16.0587629,108.241236
1, Lương Thế Vinh, An Hải, Sơn Trà, Đà Nẵng, Việt Nam,16.0630253,108.2344749
2, Lương Thế Vinh, An Hải Bắc, Sơn Trà, Đà Nẵng, Việt Nam,16.0628758,108.2344041
3, Lương Thế Vinh, An Hải Bắc, Sơn Trà, Đà Nẵng, Việt Nam,16.062903,108.2342362
4, Lương Thế Vinh, An Hải Bắc, Sơn Trà, Đà Nẵng, Việt Nam,16.0629422,108.2345617
5, Lương Thế Vinh, An Hải Bắc, Sơn Trà, Đà Nẵng, Việt Nam,16.0635245,108.2374506
6, Lương Thế Vinh, An Hải Bắc, Sơn Trà, Đà Nẵng, Việt Nam,16.0629404,108.2346307
7, Lương Thế Vinh, An Hải Bắc, Sơn Trà, Đà Nẵng, Việt Nam,16.0635869,108.237339
8, Lương Thế Vinh, An Hải Bắc, Sơn Trà, Đà Nẵng, Việt Nam,16.0629682,108.2347962
9, Lương Thế Vinh, An Hải Bắc, Sơn Trà, Đà Nẵng, Việt Nam,16.0635934,108.2372559
10, Lương Thế Vinh, An Hải Bắc, Sơn Trà, Đà Nẵng, Việt Nam,16.0629543,108.2348393
11, Lương Thế Vinh, An Hải Bắc, Sơn Trà, Đà Nẵng, Việt Nam,16.0629961,108.2344839
12, Lương Thế Vinh, An Hải Bắc, Sơn Trà, Đà Nẵng, Việt Nam,16.0629937,108.2348876
13, Lương Thế Vinh, An Hải Bắc, Sơn Trà, Đà Nẵng, Việt Nam,16.0630538,108.2345748
14, Lương Thế Vinh, An Hải Bắc, Sơn Trà, Đà Nẵng, Việt Nam,16.0630081,108.2349395
15, Lương Thế Vinh, An Hải Bắc, Sơn Trà, Đà Nẵng, Việt Nam,16.0630245,108.2346926
16, Lương Thế Vinh, An Hải Bắc, Sơn Trà, Đà Nẵng, Việt Nam,16.063706,108.237033
17, Lương Thế Vinh, An Hải Bắc, Sơn Trà, Đà Nẵng, Việt Nam,16.0630245,108.2346926
18, Lương Thế Vinh, An Hải Bắc, Sơn Trà, Đà Nẵng, Việt Nam,16.0630735,108.2350323
19, Lương Thế Vinh, An Hải Bắc, Sơn Trà, Đà Nẵng, Việt Nam,16.0630978,108.2348267
20, Lương Thế Vinh, An Hải Bắc, Sơn Trà, Đà Nẵng, Việt Nam,16.0630696,108.23516
21, Lương Thế Vinh, An Hải Bắc, Sơn Trà, Đà Nẵng, Việt Nam,16.0631781,108.2348608
22, Lương Thế Vinh, An Hải Bắc, Sơn Trà, Đà Nẵng, Việt Nam,16.0632113,108.2353631
23, Lương Thế Vinh, An Hải Bắc, Sơn Trà, Đà Nẵng, Việt Nam,16.0631848,108.2349462
24, Lương Thế Vinh, An Hải Bắc, Sơn Trà, Đà Nẵng, Việt Nam,16.0632518,108.2361899
25, Lương Thế Vinh, An Hải Bắc, Sơn Trà, Đà Nẵng, Việt Nam,16.0631626,108.2350464
26, Lương Thế Vinh, An Hải Bắc, Sơn Trà, Đà Nẵng, Việt Nam,16.0633848,108.236277
27, Lương Thế Vinh, An Hải Bắc, Sơn Trà, Đà Nẵng, Việt Nam,16.0631977,108.2351647
28, Lương Thế Vinh, An Hải Bắc, Sơn Trà, Đà Nẵng, Việt Nam,16.063366,108.2363189
29, Lương Thế Vinh, An Hải Bắc, Sơn Trà, Đà Nẵng, Việt Nam,16.0632112,108.2352193
30, Lương Thế Vinh, An Hải Bắc, Sơn Trà, Đà Nẵng, Việt Nam,16.0632898,108.2363858
31, Lương Thế Vinh, An Hải Bắc, Sơn Trà, Đà Nẵng, Việt Nam,16.0632113,108.2353631
32, Lương Thế Vinh, An Hải Bắc, Sơn Trà, Đà Nẵng, Việt Nam,16.0633063,108.2364712
33, Lương Thế Vinh, An Hải Bắc, Sơn Trà, Đà Nẵng, Việt Nam,16.063282,108.2354743
34, Lương Thế Vinh, An Hải Bắc, Sơn Trà, Đà Nẵng, Việt Nam,16.0634435,108.236639
35, Lương Thế Vinh, An Hải Bắc, Sơn Trà, Đà Nẵng, Việt Nam,16.063334,108.2356144
36, Lương Thế Vinh, An Hải Bắc, Sơn Trà, Đà Nẵng, Việt Nam,16.063465,108.2366157
37, Lương Thế Vinh, An Hải Bắc, Sơn Trà, Đà Nẵng, Việt Nam,16.0633017,108.2357745
38, Lương Thế Vinh, An Hải Bắc, Sơn Trà, Đà Nẵng, Việt Nam,16.063465,108.2366157
39, Lương Thế Vinh, An Hải Bắc, Sơn Trà, Đà Nẵng, Việt Nam,16.063324,108.236124
40, Lương Thế Vinh, An Hải Bắc, Sơn Trà, Đà Nẵng, Việt Nam,16.0634985,108.2368016
41, Lương Thế Vinh, An Hải Bắc, Sơn Trà, Đà Nẵng, Việt Nam,16.0634131,108.2359832
42, Lương Thế Vinh, An Hải Bắc, Sơn Trà, Đà Nẵng, Việt Nam,16.0635139,108.2368947
43, Lương Thế Vinh, An Hải Bắc, Sơn Trà, Đà Nẵng, Việt Nam,16.063437,108.2360867
44, Lương Thế Vinh, An Hải Bắc, Sơn Trà, Đà Nẵng, Việt Nam,16.0635268,108.2369627
45, Lương Thế Vinh, An Hải Bắc, Sơn Trà, Đà Nẵng, Việt Nam,16.0635205,108.2361951
46, Lương Thế Vinh, An Hải Bắc, Sơn Trà, Đà Nẵng, Việt Nam,16.0635301,108.2370034
47, Lương Thế Vinh, An Hải Bắc, Sơn Trà, Đà Nẵng, Việt Nam,16.063485,108.2363268
48, Lương Thế Vinh, An Hải Bắc, Sơn Trà, Đà Nẵng, Việt Nam,16.0635581,108.2371277
49, Lương Thế Vinh, An Hải Bắc, Sơn Trà, Đà Nẵng, Việt Nam,16.063569,108.2364447
50, Lương Thế Vinh, An Hải Bắc, Sơn Trà, Đà Nẵng, Việt Nam,16.0635659,108.2372029
51, Lương Thế Vinh, An Hải Bắc, Sơn Trà, Đà Nẵng, Việt Nam,16.063574,108.2364707
52, Lương Thế Vinh, An Hải Bắc, Sơn Trà, Đà Nẵng, Việt Nam,16.0635336,108.2372779
53, Lương Thế Vinh, An Hải Bắc, Sơn Trà, Đà Nẵng, Việt Nam,16.0635658,108.2366991
54, Lương Thế Vinh, An Hải Bắc, Sơn Trà, Đà Nẵng, Việt Nam,16.0636003,108.237296
55, Lương Thế Vinh, An Hải Bắc, Sơn Trà, Đà Nẵng, Việt Nam,16.0636983,108.2369052
56, Lương Thế Vinh, An Hải Bắc, Sơn Trà, Đà Nẵng, Việt Nam,16.0636649,108.2369958
57, Lương Thế Vinh, An Hải Bắc, Sơn Trà, Đà Nẵng, Việt Nam,16.0636457,108.2370454
58, Lương Thế Vinh, An Hải Bắc, Sơn Trà, Đà Nẵng, Việt Nam,16.0636414,108.2374564
59, Lương Thế Vinh, An Hải Bắc, Sơn Trà, Đà Nẵng, Việt Nam,16.0636806,108.2371881
60, Lương Thế Vinh, An Hải Bắc, Sơn Trà, Đà Nẵng, Việt Nam,16.0637208,108.2372626
61, Lương Thế Vinh, An Hải Bắc, Sơn Trà, Đà Nẵng, Việt Nam,16.0637376,108.2373424
62, Lương Thế Vinh, An Hải Bắc, Sơn Trà, Đà Nẵng, Việt Nam,16.0636638,108.2375463
63, Lương Thế Vinh, An Hải Bắc, Sơn Trà, Đà Nẵng, Việt Nam,16.0637459,108.237416
64, Lương Thế Vinh, An Hải Bắc, Sơn Trà, Đà Nẵng, Việt Nam,16.0637744,108.2375088
65, Lương Thế Vinh, An Hải Bắc, Sơn Trà, Đà Nẵng, Việt Nam,16.0638068,108.2374676
66, Lương Thế Vinh, An Hải Bắc, Sơn Trà, Đà Nẵng, Việt Nam,16.0635988,108.2376846
67, Lương Thế Vinh, An Hải Bắc, Sơn Trà, Đà Nẵng, Việt Nam,16.063791,108.2376847
68, Lương Thế Vinh, An Hải Bắc, Sơn Trà, Đà Nẵng, Việt Nam,16.0636573,108.2377217
69, Lương Thế Vinh, An Hải Bắc, Sơn Trà, Đà Nẵng, Việt Nam,16.0637914,108.2377384
70, Lương Thế Vinh, An Hải Bắc, Sơn Trà, Đà Nẵng, Việt Nam,16.0636881,108.237766
71, Lương Thế Vinh, An Hải Bắc, Sơn Trà, Đà Nẵng, Việt Nam,16.063792,108.2378196
72, Lương Thế Vinh, An Hải Bắc, Sơn Trà, Đà Nẵng, Việt Nam,16.0635998,108.2378218
73, Lương Thế Vinh, An Hải Bắc, Sơn Trà, Đà Nẵng, Việt Nam,16.0637849,108.2379203
74, Lương Thế Vinh, An Hải Bắc, Sơn Trà, Đà Nẵng, Việt Nam,16.0636312,108.2378734
75, Lương Thế Vinh, An Hải Bắc, Sơn Trà, Đà Nẵng, Việt Nam,16.0637991,108.237966
76, Lương Thế Vinh, An Hải Bắc, Sơn Trà, Đà Nẵng, Việt Nam,16.0636071,108.237954
77a, Lương Thế Vinh, An Hải Bắc, Sơn Trà, Đà Nẵng, Việt Nam,16.0637862,108.2381267
78, Lương Thế Vinh, An Hải Bắc, Sơn Trà, Đà Nẵng, Việt Nam,16.0636058,108.2380095
79, Lương Thế Vinh, An Hải Bắc, Sơn Trà, Đà Nẵng, Việt Nam,16.0636924,108.2380319
80, Lương Thế Vinh, An Hải Bắc, Sơn Trà, Đà Nẵng, Việt Nam,16.0636826,108.238097
81K, Lương Thế Vinh, Phước Mỹ, Sơn Trà, Đà Nẵng, Việt Nam,16.0637881,108.238253
82, Lương Thế Vinh, An Hải Bắc, Sơn Trà, Đà Nẵng, Việt Nam,16.0636722,108.2381682
83, Lương Thế Vinh, An Hải Bắc, Sơn Trà, Đà Nẵng, Việt Nam,16.0637936,108.2382041
84, Lương Thế Vinh, An Hải Bắc, Sơn Trà, Đà Nẵng, Việt Nam,16.0636441,108.2381771
1, Nguyễn Duy Hiệu, An Hải Đông, Sơn Trà, Đà Nẵng, Việt Nam,16.0552924,108.2365272
1, Nguyễn Duy Hiệu, An Hải Đông, Sơn Trà, Đà Nẵng, Việt Nam,16.0552924,108.2365272
3, Nguyễn Duy Hiệu, An Hải Đông, Sơn Trà, Đà Nẵng, Việt Nam,16.0552124,108.2366731
4, Nguyễn Duy Hiệu, An Hải Đông, Sơn Trà, Đà Nẵng, Việt Nam,16.0549797,108.236691
5, Nguyễn Duy Hiệu, An Hải Đông, Sơn Trà, Đà Nẵng, Việt Nam,16.0551523,108.2370783
6, Nguyễn Duy Hiệu, An Hải Đông, Sơn Trà, Đà Nẵng, Việt Nam,16.0549797,108.236691
7, Nguyễn Duy Hiệu, An Hải Đông, Sơn Trà, Đà Nẵng, Việt Nam,16.0551496,108.2369123
K142/8, Nguyễn Duy Hiệu, An Hải Đông, Sơn Trà, Đà Nẵng, Việt Nam,16.0557403,108.240869
9, Nguyễn Duy Hiệu, An Hải Đông, Sơn Trà, Đà Nẵng, Việt Nam,16.055361,108.23767
10, Nguyễn Duy Hiệu, An Hải Đông, Sơn Trà, Đà Nẵng, Việt Nam,16.0549021,108.236369
11, Nguyễn Duy Hiệu, An Hải Đông, Sơn Trà, Đà Nẵng, Việt Nam,16.0552887,108.237253
12, Nguyễn Duy Hiệu, An Hải Đông, Sơn Trà, Đà Nẵng, Việt Nam,16.0550113,108.2367056
13, Nguyễn Duy Hiệu, An Hải Đông, Sơn Trà, Đà Nẵng, Việt Nam,16.0552367,108.2373771
14, Nguyễn Duy Hiệu, An Hải Đông, Sơn Trà, Đà Nẵng, Việt Nam,16.0550363,108.2367629
15, Nguyễn Duy Hiệu, An Hải Đông, Sơn Trà, Đà Nẵng, Việt Nam,16.0553154,108.2374612
16, Nguyễn Duy Hiệu, An Hải Đông, Sơn Trà, Đà Nẵng, Việt Nam,16.0550418,108.2369675
17, Nguyễn Duy Hiệu, An Hải Đông, Sơn Trà, Đà Nẵng, Việt Nam,16.0554518,108.2378937
18, Nguyễn Duy Hiệu, An Hải Đông, Sơn Trà, Đà Nẵng, Việt Nam,16.055216,108.237831
19, Nguyễn Duy Hiệu, An Hải Đông, Sơn Trà, Đà Nẵng, Việt Nam,16.0554591,108.2379336
20, Nguyễn Duy Hiệu, An Hải Đông, Sơn Trà, Đà Nẵng, Việt Nam,16.055228,108.237878
21, Nguyễn Duy Hiệu, An Hải Đông, Sơn Trà, Đà Nẵng, Việt Nam,16.0554687,108.2379703
22, Nguyễn Duy Hiệu, An Hải Đông, Sơn Trà, Đà Nẵng, Việt Nam,16.0550616,108.237037
126/23, Nguyễn Duy Hiệu, An Hải Đông, Sơn Trà, Đà Nẵng, Việt Nam,16.0552077,108.2407396
24, Nguyễn Duy Hiệu, An Hải Đông, Sơn Trà, Đà Nẵng, Việt Nam,16.0550955,108.2371072
25, Nguyễn Duy Hiệu, An Hải Đông, Sơn Trà, Đà Nẵng, Việt Nam,16.0554407,108.2378921
26, Nguyễn Duy Hiệu, An Hải Đông, Sơn Trà, Đà Nẵng, Việt Nam,16.0550837,108.2371145
27, Nguyễn Duy Hiệu, An Hải Đông, Sơn Trà, Đà Nẵng, Việt Nam,16.0556063,108.2380454
28, Nguyễn Duy Hiệu, An Hải Đông, Sơn Trà, Đà Nẵng, Việt Nam,16.0550977,108.2371637
29, Nguyễn Duy Hiệu, An Hải Đông, Sơn Trà, Đà Nẵng, Việt Nam,16.055529,108.238326
30, Nguyễn Duy Hiệu, An Hải Đông, Sơn Trà, Đà Nẵng, Việt Nam,16.0551116,108.237213
31, Nguyễn Duy Hiệu, An Hải Đông, Sơn Trà, Đà Nẵng, Việt Nam,16.055596,108.2384063
32, Nguyễn Duy Hiệu, An Hải Đông, Sơn Trà, Đà Nẵng, Việt Nam,16.0551249,108.2372625
33, Nguyễn Duy Hiệu, An Hải Đông, Sơn Trà, Đà Nẵng, Việt Nam,16.0556496,108.2386011
34, Nguyễn Duy Hiệu, An Hải Đông, Sơn Trà, Đà Nẵng, Việt Nam,16.055149,108.2372854
35, Nguyễn Duy Hiệu, An Hải Đông, Sơn Trà, Đà Nẵng, Việt Nam,16.0556601,108.2386994
36, Nguyễn Duy Hiệu, An Hải Đông, Sơn Trà, Đà Nẵng, Việt Nam,16.0551399,108.2372931
37, Nguyễn Duy Hiệu, An Hải Đông, Sơn Trà, Đà Nẵng, Việt Nam,16.055781,108.2388467
38, Nguyễn Duy Hiệu, An Hải Đông, Sơn Trà, Đà Nẵng, Việt Nam,16.0551564,108.2373575
39, Nguyễn Duy Hiệu, An Hải Đông, Sơn Trà, Đà Nẵng, Việt Nam,16.0556704,108.2388496
40, Nguyễn Duy Hiệu, An Hải Đông, Sơn Trà, Đà Nẵng, Việt Nam,16.055349,108.238349
41, Nguyễn Duy Hiệu, An Hải Đông, Sơn Trà, Đà Nẵng, Việt Nam,16.055766,108.2389763
42, Nguyễn Duy Hiệu, An Hải Đông, Sơn Trà, Đà Nẵng, Việt Nam,16.0552116,108.2375233
43, Nguyễn Duy Hiệu, An Hải Đông, Sơn Trà, Đà Nẵng, Việt Nam,16.0558124,108.2390322
44, Nguyễn Duy Hiệu, An Hải Đông, Sơn Trà, Đà Nẵng, Việt Nam,16.0552131,108.2375384
45, Nguyễn Duy Hiệu, An Hải Đông, Sơn Trà, Đà Nẵng, Việt Nam,16.0558301,108.2390706
46, Nguyễn Duy Hiệu, An Hải Đông, Sơn Trà, Đà Nẵng, Việt Nam,16.0552515,108.2376242
47, Nguyễn Duy Hiệu, An Hải Đông, Sơn Trà, Đà Nẵng, Việt Nam,16.0557983,108.2391242
48, Nguyễn Duy Hiệu, An Hải Đông, Sơn Trà, Đà Nẵng, Việt Nam,16.0551304,108.2377658
49, Nguyễn Duy Hiệu, An Hải Đông, Sơn Trà, Đà Nẵng, Việt Nam,16.0558458,108.2391255
50, Nguyễn Duy Hiệu, An Hải Đông, Sơn Trà, Đà Nẵng, Việt Nam,16.0552249,108.237775
51, Nguyễn Duy Hiệu, An Hải Đông, Sơn Trà, Đà Nẵng, Việt Nam,16.05585,108.2391403
52, Nguyễn Duy Hiệu, An Hải Đông, Sơn Trà, Đà Nẵng, Việt Nam,16.0553468,108.2377773
53, Nguyễn Duy Hiệu, An Hải Đông, Sơn Trà, Đà Nẵng, Việt Nam,16.0557401,108.2391904
54, Nguyễn Duy Hiệu, An Hải Đông, Sơn Trà, Đà Nẵng, Việt Nam,16.0553468,108.2377773
55, Nguyễn Duy Hiệu, An Hải Đông, Sơn Trà, Đà Nẵng, Việt Nam,16.0558678,108.2392115
56, Nguyễn Duy Hiệu, An Hải Đông, Sơn Trà, Đà Nẵng, Việt Nam,16.0552483,108.2378628
57, Nguyễn Duy Hiệu, An Hải Đông, Sơn Trà, Đà Nẵng, Việt Nam,16.0557911,108.2393905
58, Nguyễn Duy Hiệu, An Hải Đông, Sơn Trà, Đà Nẵng, Việt Nam,16.0552685,108.2379144
59, Nguyễn Duy Hiệu, An Hải Đông, Sơn Trà, Đà Nẵng, Việt Nam,16.0557911,108.2393905
60, Nguyễn Duy Hiệu, An Hải Đông, Sơn Trà, Đà Nẵng, Việt Nam,16.055475,108.238816
61, Nguyễn Duy Hiệu, An Hải Đông, Sơn Trà, Đà Nẵng, Việt Nam,16.0559419,108.2395999
62, Nguyễn Duy Hiệu, An Hải Đông, Sơn Trà, Đà Nẵng, Việt Nam,16.0553426,108.2380083
63, Nguyễn Duy Hiệu, An Hải Đông, Sơn Trà, Đà Nẵng, Việt Nam,16.0559646,108.239674
64, Nguyễn Duy Hiệu, An Hải Đông, Sơn Trà, Đà Nẵng, Việt Nam,16.0554075,108.237943
65, Nguyễn Duy Hiệu, An Hải Đông, Sơn Trà, Đà Nẵng, Việt Nam,16.0559851,108.2397458
66, Nguyễn Duy Hiệu, An Hải Đông, Sơn Trà, Đà Nẵng, Việt Nam,16.0554663,108.2384163
67, Nguyễn Duy Hiệu, An Hải Đông, Sơn Trà, Đà Nẵng, Việt Nam,16.0559944,108.2397611
68, Nguyễn Duy Hiệu, An Hải Đông, Sơn Trà, Đà Nẵng, Việt Nam,16.0554598,108.2384706
69, Nguyễn Duy Hiệu, An Hải Đông, Sơn Trà, Đà Nẵng, Việt Nam,16.0560787,108.2403772
70, Nguyễn Duy Hiệu, An Hải Đông, Sơn Trà, Đà Nẵng, Việt Nam,16.0554632,108.2385217
71, Nguyễn Duy Hiệu, An Hải Đông, Sơn Trà, Đà Nẵng, Việt Nam,16.0561857,108.2404309
72, Nguyễn Duy Hiệu, An Hải Đông, Sơn Trà, Đà Nẵng, Việt Nam,16.0554698,108.2385689
73, Nguyễn Duy Hiệu, An Hải Đông, Sơn Trà, Đà Nẵng, Việt Nam,16.056198,108.2404723
74, Nguyễn Duy Hiệu, An Hải Đông, Sơn Trà, Đà Nẵng, Việt Nam,16.0555016,108.2385302
75, Nguyễn Duy Hiệu, An Hải Đông, Sơn Trà, Đà Nẵng, Việt Nam,16.0561981,108.2405175
76, Nguyễn Duy Hiệu, An Hải Đông, Sơn Trà, Đà Nẵng, Việt Nam,16.0555098,108.2386439
77, Nguyễn Duy Hiệu, An Hải Đông, Sơn Trà, Đà Nẵng, Việt Nam,16.0562071,108.2405518
78, Nguyễn Duy Hiệu, An Hải Đông, Sơn Trà, Đà Nẵng, Việt Nam,16.0555157,108.2386243
79, Nguyễn Duy Hiệu, An Hải Đông, Sơn Trà, Đà Nẵng, Việt Nam,16.0562106,108.2405987
80, Nguyễn Duy Hiệu, An Hải Đông, Sơn Trà, Đà Nẵng, Việt Nam,16.0555475,108.2387166
81, Nguyễn Duy Hiệu, An Hải Đông, Sơn Trà, Đà Nẵng, Việt Nam,16.0562432,108.2406875
82, Nguyễn Duy Hiệu, An Hải Đông, Sơn Trà, Đà Nẵng, Việt Nam,16.0556028,108.2387181
83, Nguyễn Duy Hiệu, An Hải Đông, Sơn Trà, Đà Nẵng, Việt Nam,16.0562523,108.2407429
84, Nguyễn Duy Hiệu, An Hải Đông, Sơn Trà, Đà Nẵng, Việt Nam,16.0555886,108.2388331
85, Nguyễn Duy Hiệu, An Hải Đông, Sơn Trà, Đà Nẵng, Việt Nam,16.0563105,108.2409409
86, Nguyễn Duy Hiệu, An Hải Đông, Sơn Trà, Đà Nẵng, Việt Nam,16.05558,108.2388746
87, Nguyễn Duy Hiệu, An Hải Đông, Sơn Trà, Đà Nẵng, Việt Nam,16.0563619,108.2409998
88, Nguyễn Duy Hiệu, An Hải Đông, Sơn Trà, Đà Nẵng, Việt Nam,16.0555486,108.2389126
89, Nguyễn Duy Hiệu, An Hải Đông, Sơn Trà, Đà Nẵng, Việt Nam,16.0563522,108.2410853
90, Nguyễn Duy Hiệu, An Hải Đông, Sơn Trà, Đà Nẵng, Việt Nam,16.0556188,108.2390099
91, Nguyễn Duy Hiệu, An Hải Đông, Sơn Trà, Đà Nẵng, Việt Nam,16.0563673,108.2411627
92, Nguyễn Duy Hiệu, An Hải Đông, Sơn Trà, Đà Nẵng, Việt Nam,16.0556655,108.2390813
93, Nguyễn Duy Hiệu, An Hải Đông, Sơn Trà, Đà Nẵng, Việt Nam,16.0563804,108.2411958
94, Nguyễn Duy Hiệu, An Hải Đông, Sơn Trà, Đà Nẵng, Việt Nam,16.0556878,108.2391157
95, Nguyễn Duy Hiệu, An Hải Đông, Sơn Trà, Đà Nẵng, Việt Nam,16.0563738,108.2411942
96, Nguyễn Duy Hiệu, An Hải Đông, Sơn Trà, Đà Nẵng, Việt Nam,16.0556623,108.2391621
97, Nguyễn Duy Hiệu, An Hải Đông, Sơn Trà, Đà Nẵng, Việt Nam,16.0564377,108.2413496
98, Nguyễn Duy Hiệu, An Hải Đông, Sơn Trà, Đà Nẵng, Việt Nam,16.0556975,108.2391898
99, Nguyễn Duy Hiệu, An Hải Đông, Sơn Trà, Đà Nẵng, Việt Nam,16.0564527,108.2414491
100, Nguyễn Duy Hiệu, An Hải Đông, Sơn Trà, Đà Nẵng, Việt Nam,16.0557889,108.2392949
101, Nguyễn Duy Hiệu, An Hải Đông, Sơn Trà, Đà Nẵng, Việt Nam,16.0564631,108.241522
102, Nguyễn Duy Hiệu, An Hải Đông, Sơn Trà, Đà Nẵng, Việt Nam,16.055756,108.2392514
103, Nguyễn Duy Hiệu, An Hải Đông, Sơn Trà, Đà Nẵng, Việt Nam,16.056487,108.2415694
104, Nguyễn Duy Hiệu, An Hải Đông, Sơn Trà, Đà Nẵng, Việt Nam,16.0557677,108.2392978
105, Nguyễn Duy Hiệu, An Hải Đông, Sơn Trà, Đà Nẵng, Việt Nam,16.0564643,108.2417303
106, Nguyễn Duy Hiệu, An Hải Đông, Sơn Trà, Đà Nẵng, Việt Nam,16.0557794,108.2393441
107, Nguyễn Duy Hiệu, An Hải Đông, Sơn Trà, Đà Nẵng, Việt Nam,16.0565287,108.2416972
108, Nguyễn Duy Hiệu, An Hải Đông, Sơn Trà, Đà Nẵng, Việt Nam,16.0558382,108.2396347
109, Nguyễn Duy Hiệu, An Hải Đông, Sơn Trà, Đà Nẵng, Việt Nam,16.0564876,108.2417758
110, Nguyễn Duy Hiệu, An Hải Đông, Sơn Trà, Đà Nẵng, Việt Nam,16.0558495,108.2397414
111, Nguyễn Duy Hiệu, An Hải Đông, Sơn Trà, Đà Nẵng, Việt Nam,16.0565463,108.2418242
112, Nguyễn Duy Hiệu, An Hải Đông, Sơn Trà, Đà Nẵng, Việt Nam,16.055838,108.2398335
113, Nguyễn Duy Hiệu, An Hải Đông, Sơn Trà, Đà Nẵng, Việt Nam,16.0565725,108.2418815
114, Nguyễn Duy Hiệu, An Hải Đông, Sơn Trà, Đà Nẵng, Việt Nam,16.055958,108.2398799
115, Nguyễn Duy Hiệu, An Hải Đông, Sơn Trà, Đà Nẵng, Việt Nam,16.0566011,108.2419863
116, Nguyễn Duy Hiệu, An Hải Đông, Sơn Trà, Đà Nẵng, Việt Nam,16.0559189,108.2399899
117, Nguyễn Duy Hiệu, An Hải Đông, Sơn Trà, Đà Nẵng, Việt Nam,16.0566196,108.2420427
118, Nguyễn Duy Hiệu, An Hải Đông, Sơn Trà, Đà Nẵng, Việt Nam,16.0558817,108.2399493
119, Nguyễn Duy Hiệu, An Hải Đông, Sơn Trà, Đà Nẵng, Việt Nam,16.056648,108.2422514
120, Nguyễn Duy Hiệu, An Hải Đông, Sơn Trà, Đà Nẵng, Việt Nam,16.0559235,108.240158
121, Nguyễn Duy Hiệu, An Hải Đông, Sơn Trà, Đà Nẵng, Việt Nam,16.0566682,108.2422032
122, Nguyễn Duy Hiệu, An Hải Đông, Sơn Trà, Đà Nẵng, Việt Nam,16.0559877,108.2402265
123, Nguyễn Duy Hiệu, An Hải Đông, Sơn Trà, Đà Nẵng, Việt Nam,16.056673,108.2422285
124, Nguyễn Duy Hiệu, An Hải Đông, Sơn Trà, Đà Nẵng, Việt Nam,16.055955,108.2402877
125, Nguyễn Duy Hiệu, An Hải Đông, Sơn Trà, Đà Nẵng, Việt Nam,16.0566893,108.2423005
126, Nguyễn Duy Hiệu, An Hải Đông, Sơn Trà, Đà Nẵng, Việt Nam,16.0559961,108.2403294
127, Nguyễn Duy Hiệu, An Hải Đông, Sơn Trà, Đà Nẵng, Việt Nam,16.0567183,108.2423561
128, Nguyễn Duy Hiệu, An Hải Đông, Sơn Trà, Đà Nẵng, Việt Nam,16.0560467,108.2403677
129, Nguyễn Duy Hiệu, An Hải Đông, Sơn Trà, Đà Nẵng, Việt Nam,16.056711,108.2424043
130, Nguyễn Duy Hiệu, An Hải Đông, Sơn Trà, Đà Nẵng, Việt Nam,16.0560601,108.2405017
131, Nguyễn Duy Hiệu, An Hải Đông, Sơn Trà, Đà Nẵng, Việt Nam,16.0567335,108.242435
132, Nguyễn Duy Hiệu, An Hải Đông, Sơn Trà, Đà Nẵng, Việt Nam,16.0560801,108.2405868
133, Nguyễn Duy Hiệu, An Hải Đông, Sơn Trà, Đà Nẵng, Việt Nam,16.0567479,108.2424304
134, Nguyễn Duy Hiệu, An Hải Đông, Sơn Trà, Đà Nẵng, Việt Nam,16.0561248,108.2406105
135, Nguyễn Duy Hiệu, An Hải Đông, Sơn Trà, Đà Nẵng, Việt Nam,16.0567479,108.2424304
136, Nguyễn Duy Hiệu, An Hải Đông, Sơn Trà, Đà Nẵng, Việt Nam,16.0561126,108.2406821
137, Nguyễn Duy Hiệu, An Hải Đông, Sơn Trà, Đà Nẵng, Việt Nam,16.0567479,108.2424304
138, Nguyễn Duy Hiệu, An Hải Đông, Sơn Trà, Đà Nẵng, Việt Nam,16.0561254,108.2407391
139, Nguyễn Duy Hiệu, An Hải Đông, Sơn Trà, Đà Nẵng, Việt Nam,16.0567479,108.2424304
140, Nguyễn Duy Hiệu, An Hải Đông, Sơn Trà, Đà Nẵng, Việt Nam,16.0561393,108.2407511
141, Nguyễn Duy Hiệu, An Hải Đông, Sơn Trà, Đà Nẵng, Việt Nam,16.0567479,108.2424304
142, Nguyễn Duy Hiệu, An Hải Đông, Sơn Trà, Đà Nẵng, Việt Nam,16.0561308,108.240816
143, Nguyễn Duy Hiệu, An Hải Đông, Sơn Trà, Đà Nẵng, Việt Nam,16.0567479,108.2424304
144, Nguyễn Duy Hiệu, An Hải Đông, Sơn Trà, Đà Nẵng, Việt Nam,16.0561971,108.2409717
145, Nguyễn Duy Hiệu, An Hải Đông, Sơn Trà, Đà Nẵng, Việt Nam,16.0567479,108.2424304
146, Nguyễn Duy Hiệu, An Hải Đông, Sơn Trà, Đà Nẵng, Việt Nam,16.0562192,108.2410381
147, Nguyễn Duy Hiệu, An Hải Đông, Sơn Trà, Đà Nẵng, Việt Nam,16.0567479,108.2424304
148, Nguyễn Duy Hiệu, An Hải Đông, Sơn Trà, Đà Nẵng, Việt Nam,16.0562219,108.2410967
149, Nguyễn Duy Hiệu, An Hải Đông, Sơn Trà, Đà Nẵng, Việt Nam,16.0567479,108.2424304
150, Nguyễn Duy Hiệu, An Hải Đông, Sơn Trà, Đà Nẵng, Việt Nam,16.0562418,108.2411562
151, Nguyễn Duy Hiệu, An Hải Đông, Sơn Trà, Đà Nẵng, Việt Nam,16.0567479,108.2424304
152, Nguyễn Duy Hiệu, An Hải Đông, Sơn Trà, Đà Nẵng, Việt Nam,16.056259,108.2411959
153, Nguyễn Duy Hiệu, An Hải Đông, Sơn Trà, Đà Nẵng, Việt Nam,16.0567479,108.2424304
154, Nguyễn Duy Hiệu, An Hải Đông, Sơn Trà, Đà Nẵng, Việt Nam,16.0562779,108.2413099
155, Nguyễn Duy Hiệu, An Hải Đông, Sơn Trà, Đà Nẵng, Việt Nam,16.0567479,108.2424304
156, Nguyễn Duy Hiệu, An Hải Đông, Sơn Trà, Đà Nẵng, Việt Nam,16.0562963,108.2413541
157, Nguyễn Duy Hiệu, An Hải Đông, Sơn Trà, Đà Nẵng, Việt Nam,16.0567479,108.2424304
158, Nguyễn Duy Hiệu, An Hải Đông, Sơn Trà, Đà Nẵng, Việt Nam,16.0563205,108.2415484
159, Nguyễn Duy Hiệu, An Hải Đông, Sơn Trà, Đà Nẵng, Việt Nam,16.0567479,108.2424304
160, Nguyễn Duy Hiệu, An Hải Đông, Sơn Trà, Đà Nẵng, Việt Nam,16.0563564,108.2415481
161, Nguyễn Duy Hiệu, An Hải Đông, Sơn Trà, Đà Nẵng, Việt Nam,16.0567479,108.2424304
162, Nguyễn Duy Hiệu, An Hải Đông, Sơn Trà, Đà Nẵng, Việt Nam,16.0563718,108.2416482
163, Nguyễn Duy Hiệu, An Hải Đông, Sơn Trà, Đà Nẵng, Việt Nam,16.0567479,108.2424304
164, Nguyễn Duy Hiệu, An Hải Đông, Sơn Trà, Đà Nẵng, Việt Nam,16.0563478,108.241717
165, Nguyễn Duy Hiệu, An Hải Đông, Sơn Trà, Đà Nẵng, Việt Nam,16.0567479,108.2424304
166, Nguyễn Duy Hiệu, An Hải Đông, Sơn Trà, Đà Nẵng, Việt Nam,16.056363,108.2417743
167, Nguyễn Duy Hiệu, An Hải Đông, Sơn Trà, Đà Nẵng, Việt Nam,16.0567479,108.2424304
168, Nguyễn Duy Hiệu, An Hải Đông, Sơn Trà, Đà Nẵng, Việt Nam,16.0563771,108.2418332
169, Nguyễn Duy Hiệu, An Hải Đông, Sơn Trà, Đà Nẵng, Việt Nam,16.0567479,108.2424304
170, Nguyễn Duy Hiệu, An Hải Đông, Sơn Trà, Đà Nẵng, Việt Nam,16.0563918,108.2418913
171, Nguyễn Duy Hiệu, An Hải Đông, Sơn Trà, Đà Nẵng, Việt Nam,16.0567479,108.2424304
172, Nguyễn Duy Hiệu, An Hải Đông, Sơn Trà, Đà Nẵng, Việt Nam,16.0564241,108.2419211
173, Nguyễn Duy Hiệu, An Hải Đông, Sơn Trà, Đà Nẵng, Việt Nam,16.0567479,108.2424304
174, Nguyễn Duy Hiệu, An Hải Đông, Sơn Trà, Đà Nẵng, Việt Nam,16.0564827,108.2420543
175, Nguyễn Duy Hiệu, An Hải Đông, Sơn Trà, Đà Nẵng, Việt Nam,16.0567479,108.2424304
176, Nguyễn Duy Hiệu, An Hải Đông, Sơn Trà, Đà Nẵng, Việt Nam,16.0565065,108.2421123
177, Nguyễn Duy Hiệu, An Hải Đông, Sơn Trà, Đà Nẵng, Việt Nam,16.0567479,108.2424304
178, Nguyễn Duy Hiệu, An Hải Đông, Sơn Trà, Đà Nẵng, Việt Nam,16.0565512,108.2422089
179, Nguyễn Duy Hiệu, An Hải Đông, Sơn Trà, Đà Nẵng, Việt Nam,16.0567479,108.2424304
180, Nguyễn Duy Hiệu, An Hải Đông, Sơn Trà, Đà Nẵng, Việt Nam,16.0565469,108.2423098
181, Nguyễn Duy Hiệu, An Hải Đông, Sơn Trà, Đà Nẵng, Việt Nam,16.0567479,108.2424304
182, Nguyễn Duy Hiệu, An Hải Đông, Sơn Trà, Đà Nẵng, Việt Nam,16.0565907,108.2423954
183, Nguyễn Duy Hiệu, An Hải Đông, Sơn Trà, Đà Nẵng, Việt Nam,16.0567479,108.2424304
184, Nguyễn Duy Hiệu, An Hải Đông, Sơn Trà, Đà Nẵng, Việt Nam,16.0566047,108.2424383
1, Nguyễn Văn Thoại, An Hải, Ngũ Hành Sơn, Đà Nẵng, Việt Nam,16.0535834,108.2371034
1, Nguyễn Văn Thoại, An Hải, Ngũ Hành Sơn, Đà Nẵng, Việt Nam,16.0535834,108.2371034
3, Nguyễn Văn Thoại, Bắc Mỹ Phú, Ngũ Hành Sơn, Đà Nẵng, Việt Nam,16.053596,108.237305
4, Nguyễn Văn Thoại, Bắc Mỹ Phú, Ngũ Hành Sơn, Đà Nẵng, Việt Nam,16.0534849,108.237299
5, Nguyễn Văn Thoại, An Hải Tây, Sơn Trà, Đà Nẵng, Việt Nam,16.0533296,108.2365895
6, Nguyễn Văn Thoại, Bắc Mỹ Phú, Ngũ Hành Sơn, Đà Nẵng, Việt Nam,16.0534803,108.2376961
7, Nguyễn Văn Thoại, Bắc Mỹ Phú, Ngũ Hành Sơn, Đà Nẵng, Việt Nam,16.053596,108.237099
8, Nguyễn Văn Thoại, Bắc Mỹ Phú, Ngũ Hành Sơn, Đà Nẵng, Việt Nam,16.053601,108.237499
9, Nguyễn Văn Thoại, Bắc Mỹ Phú, Ngũ Hành Sơn, Đà Nẵng, Việt Nam,16.053608,108.23713
10, Nguyễn Văn Thoại, Bắc Mỹ Phú, Ngũ Hành Sơn, Đà Nẵng, Việt Nam,16.053654,108.237608
11, Nguyễn Văn Thoại, Bắc Mỹ Phú, Ngũ Hành Sơn, Đà Nẵng, Việt Nam,16.0536128,108.2371612
12, Nguyễn Văn Thoại, Bắc Mỹ Phú, Ngũ Hành Sơn, Đà Nẵng, Việt Nam,16.053708,108.237718
13, Nguyễn Văn Thoại, An Hải Đông, Sơn Trà, Đà Nẵng, Việt Nam,16.053723,108.2371317
14, Nguyễn Văn Thoại, Bắc Mỹ Phú, Ngũ Hành Sơn, Đà Nẵng, Việt Nam,16.053754,108.237811
15, Nguyễn Văn Thoại, Bắc Mỹ Phú, Ngũ Hành Sơn, Đà Nẵng, Việt Nam,16.053639,108.2372103
16, Nguyễn Văn Thoại, Bắc Mỹ Phú, Ngũ Hành Sơn, Đà Nẵng, Việt Nam,16.0537271,108.2379554
17, Nguyễn Văn Thoại, Bắc Mỹ Phú, Ngũ Hành Sơn, Đà Nẵng, Việt Nam,16.053657,108.23723
18, Nguyễn Văn Thoại, Bắc Mỹ Phú, Ngũ Hành Sơn, Đà Nẵng, Việt Nam,16.053822,108.238063
19, Nguyễn Văn Thoại, Bắc Mỹ Phú, Ngũ Hành Sơn, Đà Nẵng, Việt Nam,16.0557003,108.2447917
20, Nguyễn Văn Thoại, Bắc Mỹ Phú, Ngũ Hành Sơn, Đà Nẵng, Việt Nam,16.053916,108.238408
21, Nguyễn Văn Thoại, Bắc Mỹ Phú, Hải Châu, Đà Nẵng, Việt Nam,16.0536679,108.2372646
22, Nguyễn Văn Thoại, Bắc Mỹ Phú, Ngũ Hành Sơn, Đà Nẵng, Việt Nam,16.0539228,108.2385063
23, Nguyễn Văn Thoại, Bắc Mỹ Phú, Sơn Trà, Đà Nẵng, Việt Nam,16.0537195,108.2372879
24, Nguyễn Văn Thoại, Bắc Mỹ Phú, Ngũ Hành Sơn, Đà Nẵng, Việt Nam,16.0539457,108.2385478
25, Nguyễn Văn Thoại, Bắc Mỹ Phú, Sơn Trà, Đà Nẵng, Việt Nam,16.0536135,108.2373368
26, Nguyễn Văn Thoại, Bắc Mỹ Phú, Ngũ Hành Sơn, Đà Nẵng, Việt Nam,16.0539692,108.2386501
27, Nguyễn Văn Thoại, Bắc Mỹ Phú, Ngũ Hành Sơn, Đà Nẵng, Việt Nam,16.0535847,108.2373582
27, Nguyễn Văn Thoại, Bắc Mỹ Phú, Ngũ Hành Sơn, Đà Nẵng, Việt Nam,16.0535847,108.2373582
29, Nguyễn Văn Thoại, Bắc Mỹ Phú, Sơn Trà, Đà Nẵng, Việt Nam,16.0535867,108.2373619
30, Nguyễn Văn Thoại, Bắc Mỹ Phú, Ngũ Hành Sơn, Đà Nẵng, Việt Nam,16.05401,108.238743
31, Nguyễn Văn Thoại, Bắc Mỹ Phú, Ngũ Hành Sơn, Đà Nẵng, Việt Nam,16.0535887,108.2373656
32, Nguyễn Văn Thoại, Bắc Mỹ Phú, Ngũ Hành Sơn, Đà Nẵng, Việt Nam,16.0540172,108.2388209
33, Nguyễn Văn Thoại, Bắc Mỹ Phú, Sơn Trà, Đà Nẵng, Việt Nam,16.0537926,108.2374549
34, Nguyễn Văn Thoại, Bắc Mỹ Phú, Ngũ Hành Sơn, Đà Nẵng, Việt Nam,16.0540306,108.238882
35, Nguyễn Văn Thoại, Bắc Mỹ Phú, Ngũ Hành Sơn, Đà Nẵng, Việt Nam,16.0538,108.237494
36, Nguyễn Văn Thoại, Bắc Mỹ Phú, Ngũ Hành Sơn, Đà Nẵng, Việt Nam,16.054067,108.238942
37, Nguyễn Văn Thoại, Bắc Mỹ Phú, Ngũ Hành Sơn, Đà Nẵng, Việt Nam,16.053815,108.237523
38, Nguyễn Văn Thoại, Bắc Mỹ Phú, Ngũ Hành Sơn, Đà Nẵng, Việt Nam,16.0540478,108.2390073
39, Nguyễn Văn Thoại, Bắc Mỹ Phú, Ngũ Hành Sơn, Đà Nẵng, Việt Nam,16.053829,108.237552
40, Nguyễn Văn Thoại, Bắc Mỹ Phú, Ngũ Hành Sơn, Đà Nẵng, Việt Nam,16.0542055,108.2391744
41, Nguyễn Văn Thoại, Bắc Mỹ Phú, Sơn Trà, Đà Nẵng, Việt Nam,16.0538319,108.237597
42, Nguyễn Văn Thoại, Bắc Mỹ Phú, Ngũ Hành Sơn, Đà Nẵng, Việt Nam,16.0541528,108.2392898
43, Nguyễn Văn Thoại, Bắc Mỹ Phú, Ngũ Hành Sơn, Đà Nẵng, Việt Nam,16.053857,108.237611
44, Nguyễn Văn Thoại, Bắc Mỹ Phú, Sơn Trà, Đà Nẵng, Việt Nam,16.0541271,108.2393361
45, Nguyễn Văn Thoại, Bắc Mỹ Phú, Sơn Trà, Đà Nẵng, Việt Nam,16.0538403,108.2377767
46, Nguyễn Văn Thoại, Bắc Mỹ Phú, Ngũ Hành Sơn, Đà Nẵng, Việt Nam,16.053596,108.237305
47, Nguyễn Văn Thoại, Bắc Mỹ Phú, Sơn Trà, Đà Nẵng, Việt Nam,16.0538902,108.2377446
48, Nguyễn Văn Thoại, Bắc Mỹ Phú, Sơn Trà, Đà Nẵng, Việt Nam,16.0537996,108.2377395
49, Nguyễn Văn Thoại, Bắc Mỹ Phú, Sơn Trà, Đà Nẵng, Việt Nam,16.0538558,108.237825
50, Nguyễn Văn Thoại, Bắc Mỹ Phú, Ngũ Hành Sơn, Đà Nẵng, Việt Nam,16.0541852,108.2394327
51, Nguyễn Văn Thoại, An Hải Đông, Sơn Trà, Đà Nẵng, Việt Nam,16.0539331,108.2378552
52, Nguyễn Văn Thoại, Bắc Mỹ Phú, Ngũ Hành Sơn, Đà Nẵng, Việt Nam,16.054188,108.2394465
52, Nguyễn Văn Thoại, Bắc Mỹ Phú, Ngũ Hành Sơn, Đà Nẵng, Việt Nam,16.054188,108.2394465
54, Nguyễn Văn Thoại, Bắc Mỹ Phú, Ngũ Hành Sơn, Đà Nẵng, Việt Nam,16.054178,108.2395115
55, Nguyễn Văn Thoại, An Hải Đông, Sơn Trà, Đà Nẵng, Việt Nam,16.0539763,108.2379366
56, Nguyễn Văn Thoại, Bắc Mỹ Phú, Ngũ Hành Sơn, Đà Nẵng, Việt Nam,16.0541882,108.2395466
57, Nguyễn Văn Thoại, An Hải Đông, Sơn Trà, Đà Nẵng, Việt Nam,16.0539862,108.2379997
58, Nguyễn Văn Thoại, Bắc Mỹ Phú, Ngũ Hành Sơn, Đà Nẵng, Việt Nam,16.0542175,108.2395757
59, Nguyễn Văn Thoại, Bắc Mỹ Phú, Sơn Trà, Đà Nẵng, Việt Nam,16.0539592,108.2380265
60, Nguyễn Văn Thoại, Bắc Mỹ Phú, Ngũ Hành Sơn, Đà Nẵng, Việt Nam,16.0543548,108.2396892
61, Nguyễn Văn Thoại, Bắc Mỹ Phú, Sơn Trà, Đà Nẵng, Việt Nam,16.054024,108.238072
62, Nguyễn Văn Thoại, Bắc Mỹ Phú, Ngũ Hành Sơn, Đà Nẵng, Việt Nam,16.0542658,108.2397697
63, Nguyễn Văn Thoại, Bắc Mỹ Phú, Ngũ Hành Sơn, Đà Nẵng, Việt Nam,16.0539759,108.238113
64, Nguyễn Văn Thoại, Bắc Mỹ Phú, Ngũ Hành Sơn, Đà Nẵng, Việt Nam,16.0542909,108.2398133
65, Nguyễn Văn Thoại, Bắc Mỹ Phú, Sơn Trà, Đà Nẵng, Việt Nam,16.0540346,108.2381624
66, Nguyễn Văn Thoại, Bắc Mỹ Phú, Ngũ Hành Sơn, Đà Nẵng, Việt Nam,16.0543628,108.2397934
67, Nguyễn Văn Thoại, An Hải Đông, Sơn Trà, Đà Nẵng, Việt Nam,16.0542191,108.2383775
68, Nguyễn Văn Thoại, Bắc Mỹ Phú, Ngũ Hành Sơn, Đà Nẵng, Việt Nam,16.0542856,108.2399168
69, Nguyễn Văn Thoại, An Hải Đông, Sơn Trà, Đà Nẵng, Việt Nam,16.054089,108.238356
70, Nguyễn Văn Thoại, Bắc Mỹ Phú, Ngũ Hành Sơn, Đà Nẵng, Việt Nam,16.054318,108.239948
71, Nguyễn Văn Thoại, Bắc Mỹ Phú, Ngũ Hành Sơn, Đà Nẵng, Việt Nam,16.054098,108.2387155
72, Nguyễn Văn Thoại, Bắc Mỹ Phú, Ngũ Hành Sơn, Đà Nẵng, Việt Nam,16.0542486,108.2400548
73, Nguyễn Văn Thoại, Bắc Mỹ Phú, Ngũ Hành Sơn, Đà Nẵng, Việt Nam,16.0542019,108.2387105
74, Nguyễn Văn Thoại, Bắc Mỹ Phú, Ngũ Hành Sơn, Đà Nẵng, Việt Nam,16.05408,108.238662
75, Nguyễn Văn Thoại, An Hải Đông, Ngũ Hành Sơn, Đà Nẵng, Việt Nam,16.0542035,108.2388031
76, Nguyễn Văn Thoại, Bắc Mỹ Phú, Ngũ Hành Sơn, Đà Nẵng, Việt Nam,16.05408,108.238662
77, Nguyễn Văn Thoại, An Hải Đông, Ngũ Hành Sơn, Đà Nẵng, Việt Nam,16.0542141,108.2388318
78, Nguyễn Văn Thoại, Bắc Mỹ Phú, Ngũ Hành Sơn, Đà Nẵng, Việt Nam,16.0542949,108.2404194
7-9, Nguyễn Văn Thoại, Bắc Mỹ Phú, Sơn Trà, Đà Nẵng, Việt Nam,16.0536457,108.2370653
80, Nguyễn Văn Thoại, Bắc Mỹ Phú, Ngũ Hành Sơn, Đà Nẵng, Việt Nam,16.0544744,108.2403785
81, Nguyễn Văn Thoại, Bắc Mỹ Phú, Ngũ Hành Sơn, Đà Nẵng, Việt Nam,16.0542504,108.2388693
82, Nguyễn Văn Thoại, Bắc Mỹ Phú, Ngũ Hành Sơn, Đà Nẵng, Việt Nam,16.05408,108.238662
83, Nguyễn Văn Thoại, Bắc Mỹ Phú, Sơn Trà, Đà Nẵng, Việt Nam,16.0542276,108.2390515
84, Nguyễn Văn Thoại, Bắc Mỹ Phú, Ngũ Hành Sơn, Đà Nẵng, Việt Nam,16.0544947,108.2405266
85, Nguyễn Văn Thoại, An Hải Đông, Sơn Trà, Đà Nẵng, Việt Nam,16.054251,108.238914
86, Nguyễn Văn Thoại, Bắc Mỹ Phú, Ngũ Hành Sơn, Đà Nẵng, Việt Nam,16.0544946,108.2405297
87, Nguyễn Văn Thoại, An Hải Đông, Sơn Trà, Đà Nẵng, Việt Nam,16.0542575,108.2389376
88, Nguyễn Văn Thoại, Bắc Mỹ Phú, Ngũ Hành Sơn, Đà Nẵng, Việt Nam,16.0545067,108.2405882
89, Nguyễn Văn Thoại, An Hải Đông, Sơn Trà, Đà Nẵng, Việt Nam,16.054274,108.239042
90, Nguyễn Văn Thoại, Bắc Mỹ Phú, Ngũ Hành Sơn, Đà Nẵng, Việt Nam,16.0545362,108.2406521
91, Nguyễn Văn Thoại, Bắc Mỹ Phú, Ngũ Hành Sơn, Đà Nẵng, Việt Nam,16.0542576,108.2389889
92, Nguyễn Văn Thoại, Bắc Mỹ Phú, Ngũ Hành Sơn, Đà Nẵng, Việt Nam,16.054612,108.24089
93, Nguyễn Văn Thoại, An Hải Đông, Sơn Trà, Đà Nẵng, Việt Nam,16.0544068,108.2392629
94, Nguyễn Văn Thoại, Bắc Mỹ Phú, Ngũ Hành Sơn, Đà Nẵng, Việt Nam,16.0545719,108.2407983
95, Nguyễn Văn Thoại, An Hải Đông, Sơn Trà, Đà Nẵng, Việt Nam,16.054403,108.2391768
96, Nguyễn Văn Thoại, Bắc Mỹ Phú, Ngũ Hành Sơn, Đà Nẵng, Việt Nam,16.0545841,108.2408478
97, Nguyễn Văn Thoại, Bắc Mỹ Phú, Ngũ Hành Sơn, Đà Nẵng, Việt Nam,16.0543493,108.239217
98, Nguyễn Văn Thoại, Bắc Mỹ Phú, Ngũ Hành Sơn, Đà Nẵng, Việt Nam,16.054726,108.241255
99, Nguyễn Văn Thoại, An Hải Đông, Ngũ Hành Sơn, Đà Nẵng, Việt Nam,16.0543277,108.2392599
100, Nguyễn Văn Thoại, Bắc Mỹ Phú, Ngũ Hành Sơn, Đà Nẵng, Việt Nam,16.0546077,108.2409492
101, Nguyễn Văn Thoại, Bắc Mỹ Phú, Ngũ Hành Sơn, Đà Nẵng, Việt Nam,16.05433,108.2393002
102, Nguyễn Văn Thoại, Bắc Mỹ Phú, Ngũ Hành Sơn, Đà Nẵng, Việt Nam,16.0548456,108.2410812
103, Nguyễn Văn Thoại, An Hải Đông, Ngũ Hành Sơn, Đà Nẵng, Việt Nam,16.054369,108.2393219
104, Nguyễn Văn Thoại, Bắc Mỹ Phú, Ngũ Hành Sơn, Đà Nẵng, Việt Nam,16.0546359,108.2410961
105, Nguyễn Văn Thoại, An Hải Đông, Ngũ Hành Sơn, Đà Nẵng, Việt Nam,16.0543964,108.2393709
106, Nguyễn Văn Thoại, Bắc Mỹ Phú, Ngũ Hành Sơn, Đà Nẵng, Việt Nam,16.0546687,108.2412029
107, Nguyễn Văn Thoại, An Hải Đông, Sơn Trà, Đà Nẵng, Việt Nam,16.054408,108.2394191
108, Nguyễn Văn Thoại, Bắc Mỹ Phú, Ngũ Hành Sơn, Đà Nẵng, Việt Nam,16.0546931,108.2412368
109, Nguyễn Văn Thoại, Bắc Mỹ Phú, Ngũ Hành Sơn, Đà Nẵng, Việt Nam,16.0544217,108.2394666
110, Nguyễn Văn Thoại, Bắc Mỹ Phú, Ngũ Hành Sơn, Đà Nẵng, Việt Nam,16.0547209,108.2413039
111, Nguyễn Văn Thoại, Bắc Mỹ Phú, Ngũ Hành Sơn, Đà Nẵng, Việt Nam,16.054423,108.239518
112, Nguyễn Văn Thoại, Bắc Mỹ Phú, Ngũ Hành Sơn, Đà Nẵng, Việt Nam,16.0547296,108.2413449
113, Nguyễn Văn Thoại, Bắc Mỹ Phú, Ngũ Hành Sơn, Đà Nẵng, Việt Nam,16.0544205,108.2395396
114, Nguyễn Văn Thoại, Bắc Mỹ Phú, Ngũ Hành Sơn, Đà Nẵng, Việt Nam,16.055328,108.243301
115, Nguyễn Văn Thoại, Bắc Mỹ Phú, Ngũ Hành Sơn, Đà Nẵng, Việt Nam,16.0544651,108.2397111
116, Nguyễn Văn Thoại, Bắc Mỹ Phú, Ngũ Hành Sơn, Đà Nẵng, Việt Nam,16.055388,108.243517
117, Nguyễn Văn Thoại, Bắc Mỹ Phú, Ngũ Hành Sơn, Đà Nẵng, Việt Nam,16.0547862,108.2397335
118, Nguyễn Văn Thoại, Bắc Mỹ Phú, Ngũ Hành Sơn, Đà Nẵng, Việt Nam,16.0554479,108.243734
119, Nguyễn Văn Thoại, Bắc Mỹ Phú, Sơn Trà, Đà Nẵng, Việt Nam,16.0545105,108.2400995
120, Nguyễn Văn Thoại, Bắc Mỹ Phú, Ngũ Hành Sơn, Đà Nẵng, Việt Nam,16.0551475,108.2428704
121, Nguyễn Văn Thoại, An Hải Đông, Ngũ Hành Sơn, Đà Nẵng, Việt Nam,16.0545824,108.2401182
122, Nguyễn Văn Thoại, Bắc Mỹ Phú, Ngũ Hành Sơn, Đà Nẵng, Việt Nam,16.055481,108.2440054
123, Nguyễn Văn Thoại, Bắc Mỹ Phú, Ngũ Hành Sơn, Đà Nẵng, Việt Nam,16.0545984,108.2401271
124, Nguyễn Văn Thoại, Bắc Mỹ Phú, Ngũ Hành Sơn, Đà Nẵng, Việt Nam,16.0556394,108.2442314
125, Nguyễn Văn Thoại, An Hải Đông, Ngũ Hành Sơn, Đà Nẵng, Việt Nam,16.0546227,108.2402349
126, Nguyễn Văn Thoại, Bắc Mỹ Phú, Ngũ Hành Sơn, Đà Nẵng, Việt Nam,16.0555355,108.2443384
127, Nguyễn Văn Thoại, Bắc Mỹ Phú, Ngũ Hành Sơn, Đà Nẵng, Việt Nam,16.0546653,108.2403477
128, Nguyễn Văn Thoại, Bắc Mỹ Phú, Ngũ Hành Sơn, Đà Nẵng, Việt Nam,16.0557939,108.2450675
129, Nguyễn Văn Thoại, Bắc Mỹ Phú, Ngũ Hành Sơn, Đà Nẵng, Việt Nam,16.0546433,108.2404435
130, Nguyễn Văn Thoại, Bắc Mỹ Phú, Ngũ Hành Sơn, Đà Nẵng, Việt Nam,16.054443,108.24003
131, Nguyễn Văn Thoại, An Hải Đông, Sơn Trà, Đà Nẵng, Việt Nam,16.0546684,108.240462
132, Nguyễn Văn Thoại, Bắc Mỹ Phú, Ngũ Hành Sơn, Đà Nẵng, Việt Nam,16.0552721,108.2431011
133, Nguyễn Văn Thoại, An Hải Đông, Ngũ Hành Sơn, Đà Nẵng, Việt Nam,16.0547219,108.2405438
134, Nguyễn Văn Thoại, Bắc Mỹ Phú, Ngũ Hành Sơn, Đà Nẵng, Việt Nam,16.0552659,108.2430789
135, Nguyễn Văn Thoại, Bắc Mỹ Phú, Ngũ Hành Sơn, Đà Nẵng, Việt Nam,16.0547007,108.2405749
136, Nguyễn Văn Thoại, Bắc Mỹ Phú, Ngũ Hành Sơn, Đà Nẵng, Việt Nam,16.0552597,108.2430567
137, Nguyễn Văn Thoại, An Hải Đông, Ngũ Hành Sơn, Đà Nẵng, Việt Nam,16.0547341,108.2406421
138, Nguyễn Văn Thoại, Bắc Mỹ Phú, Ngũ Hành Sơn, Đà Nẵng, Việt Nam,16.0552535,108.2430344
139, Nguyễn Văn Thoại, Bắc Mỹ Phú, Ngũ Hành Sơn, Đà Nẵng, Việt Nam,16.0547251,108.2408288
140, Nguyễn Văn Thoại, Bắc Mỹ Phú, Sơn Trà, Đà Nẵng, Việt Nam,16.0550212,108.2430807
141, Nguyễn Văn Thoại, An Hải Đông, Sơn Trà, Đà Nẵng, Việt Nam,16.0548369,108.2408582
142, Nguyễn Văn Thoại, Bắc Mỹ Phú, Ngũ Hành Sơn, Đà Nẵng, Việt Nam,16.0558298,108.2454827
143, Nguyễn Văn Thoại, Bắc Mỹ Phú, Ngũ Hành Sơn, Đà Nẵng, Việt Nam,16.0547511,108.2409979
144, Nguyễn Văn Thoại, Bắc Mỹ Phú, Ngũ Hành Sơn, Đà Nẵng, Việt Nam,16.0558303,108.2454844
145, Nguyễn Văn Thoại, Bắc Mỹ Phú, Ngũ Hành Sơn, Đà Nẵng, Việt Nam,16.0548308,108.2409872
146, Nguyễn Văn Thoại, Bắc Mỹ Phú, Ngũ Hành Sơn, Đà Nẵng, Việt Nam,16.0558308,108.2454862
147, Nguyễn Văn Thoại, An Hải Đông, Sơn Trà, Đà Nẵng, Việt Nam,16.055169,108.242003
148, Nguyễn Văn Thoại, Bắc Mỹ Phú, Ngũ Hành Sơn, Đà Nẵng, Việt Nam,16.0558314,108.245488
149, Nguyễn Văn Thoại, Bắc Mỹ Phú, Ngũ Hành Sơn, Đà Nẵng, Việt Nam,16.0548273,108.2412314
150, Nguyễn Văn Thoại, Bắc Mỹ Phú, Ngũ Hành Sơn, Đà Nẵng, Việt Nam,16.0558319,108.2454897
151, Nguyễn Văn Thoại, Phước Mỹ, Sơn Trà, Đà Nẵng, Việt Nam,16.0548849,108.241162
152, Nguyễn Văn Thoại, Bắc Mỹ Phú, Ngũ Hành Sơn, Đà Nẵng, Việt Nam,16.0558324,108.2454915
153, Nguyễn Văn Thoại, Bắc Mỹ Phú, Ngũ Hành Sơn, Đà Nẵng, Việt Nam,16.0549343,108.2412652
154, Nguyễn Văn Thoại, Bắc Mỹ Phú, Ngũ Hành Sơn, Đà Nẵng, Việt Nam,16.0558329,108.2454933
155, Nguyễn Văn Thoại, Bắc Mỹ Phú, Ngũ Hành Sơn, Đà Nẵng, Việt Nam,16.0549806,108.2413456
156, Nguyễn Văn Thoại, Bắc Mỹ Phú, Ngũ Hành Sơn, Đà Nẵng, Việt Nam,16.0558334,108.245495
157, Nguyễn Văn Thoại, Bắc Mỹ Phú, Sơn Trà, Đà Nẵng, Việt Nam,16.0548919,108.2414943
158, Nguyễn Văn Thoại, Bắc Mỹ Phú, Ngũ Hành Sơn, Đà Nẵng, Việt Nam,16.0558339,108.2454968
159, Nguyễn Văn Thoại, Bắc Mỹ Phú, Sơn Trà, Đà Nẵng, Việt Nam,16.0550089,108.241427
160, Nguyễn Văn Thoại, Bắc Mỹ Phú, Ngũ Hành Sơn, Đà Nẵng, Việt Nam,16.0558344,108.2454986
161, Nguyễn Văn Thoại, An Hải Đông, Ngũ Hành Sơn, Đà Nẵng, Việt Nam,16.054985,108.2414751
162, Nguyễn Văn Thoại, Bắc Mỹ Phú, Ngũ Hành Sơn, Đà Nẵng, Việt Nam,16.0558349,108.2455003
163, Nguyễn Văn Thoại, Bắc Mỹ Phú, Sơn Trà, Đà Nẵng, Việt Nam,16.0549547,108.2415933
164, Nguyễn Văn Thoại, Bắc Mỹ Phú, Ngũ Hành Sơn, Đà Nẵng, Việt Nam,16.0558354,108.2455021
165, Nguyễn Văn Thoại, Bắc Mỹ An, Sơn Trà, Đà Nẵng, Việt Nam,16.0551037,108.2415566
166, Nguyễn Văn Thoại, Bắc Mỹ Phú, Ngũ Hành Sơn, Đà Nẵng, Việt Nam,16.0558359,108.2455038
167, Nguyễn Văn Thoại, Bắc Mỹ Phú, Sơn Trà, Đà Nẵng, Việt Nam,16.0550927,108.2415974
168, Nguyễn Văn Thoại, Bắc Mỹ Phú, Ngũ Hành Sơn, Đà Nẵng, Việt Nam,16.0558365,108.2455056
169, Nguyễn Văn Thoại, An Hải Đông, Ngũ Hành Sơn, Đà Nẵng, Việt Nam,16.055127,108.2416211
170, Nguyễn Văn Thoại, Bắc Mỹ Phú, Ngũ Hành Sơn, Đà Nẵng, Việt Nam,16.0558453,108.2455036
171, Nguyễn Văn Thoại, An Hải Đông, Ngũ Hành Sơn, Đà Nẵng, Việt Nam,16.0551743,108.2418871
172, Nguyễn Văn Thoại, Bắc Mỹ Phú, Ngũ Hành Sơn, Đà Nẵng, Việt Nam,16.0558372,108.2455082
173, Nguyễn Văn Thoại, Bắc Mỹ Phú, Ngũ Hành Sơn, Đà Nẵng, Việt Nam,16.0551231,108.2419538
174, Nguyễn Văn Thoại, Bắc Mỹ Phú, Ngũ Hành Sơn, Đà Nẵng, Việt Nam,16.0558455,108.2455054
175, Nguyễn Văn Thoại, An Hải Đông, Ngũ Hành Sơn, Đà Nẵng, Việt Nam,16.0551687,108.2420046
176, Nguyễn Văn Thoại, Bắc Mỹ Phú, Ngũ Hành Sơn, Đà Nẵng, Việt Nam,16.0557836,108.2455421
177, Nguyễn Văn Thoại, Bắc Mỹ Phú, Ngũ Hành Sơn, Đà Nẵng, Việt Nam,16.0551643,108.2420706
178, Nguyễn Văn Thoại, Bắc Mỹ Phú, Ngũ Hành Sơn, Đà Nẵng, Việt Nam,16.0557836,108.2455421
179, Nguyễn Văn Thoại, An Hải Đông, Sơn Trà, Đà Nẵng, Việt Nam,16.0552051,108.2421705
180, Nguyễn Văn Thoại, Bắc Mỹ Phú, Ngũ Hành Sơn, Đà Nẵng, Việt Nam,16.0558504,108.2455538
181, Nguyễn Văn Thoại, Bắc Mỹ Phú, Ngũ Hành Sơn, Đà Nẵng, Việt Nam,16.0553086,108.2424361
182, Nguyễn Văn Thoại, Bắc Mỹ Phú, Ngũ Hành Sơn, Đà Nẵng, Việt Nam,16.0558585,108.2455819
183, Nguyễn Văn Thoại, An Hải Đông, Sơn Trà, Đà Nẵng, Việt Nam,16.0553187,108.2426103
184, Nguyễn Văn Thoại, Bắc Mỹ Phú, Ngũ Hành Sơn, Đà Nẵng, Việt Nam,16.0558667,108.2456101
185, Nguyễn Văn Thoại, Bắc Mỹ Phú, Ngũ Hành Sơn, Đà Nẵng, Việt Nam,16.0553348,108.242674
186, Nguyễn Văn Thoại, Bắc Mỹ Phú, Ngũ Hành Sơn, Đà Nẵng, Việt Nam,16.0558748,108.2456383
187, Nguyễn Văn Thoại, Bắc Mỹ Phú, Ngũ Hành Sơn, Đà Nẵng, Việt Nam,16.0553667,108.2427519
188, Nguyễn Văn Thoại, Bắc Mỹ Phú, Ngũ Hành Sơn, Đà Nẵng, Việt Nam,16.0558827,108.2456658
189, Nguyễn Văn Thoại, An Hải Đông, Sơn Trà, Đà Nẵng, Việt Nam,16.0553656,108.2428625
190, Nguyễn Văn Thoại, Bắc Mỹ Phú, Sơn Trà, Đà Nẵng, Việt Nam,16.0559362,108.2456792
191, Nguyễn Văn Thoại, Bắc Mỹ Phú, Sơn Trà, Đà Nẵng, Việt Nam,16.0553508,108.2430285
192, Nguyễn Văn Thoại, Bắc Mỹ Phú, Ngũ Hành Sơn, Đà Nẵng, Việt Nam,16.0560591,108.245642
193, Nguyễn Văn Thoại, An Hải Đông, Ngũ Hành Sơn, Đà Nẵng, Việt Nam,16.0554527,108.2430475
194, Nguyễn Văn Thoại, Bắc Mỹ Phú, Ngũ Hành Sơn, Đà Nẵng, Việt Nam,16.0560591,108.245642
195, Nguyễn Văn Thoại, An Hải Đông, Sơn Trà, Đà Nẵng, Việt Nam,16.0555035,108.2431958
196, Nguyễn Văn Thoại, Bắc Mỹ Phú, Ngũ Hành Sơn, Đà Nẵng, Việt Nam,16.0560591,108.245642
197, Nguyễn Văn Thoại, Phước Mỹ, Ngũ Hành Sơn, Đà Nẵng, Việt Nam,16.0554966,108.2432982
198, Nguyễn Văn Thoại, Bắc Mỹ Phú, Ngũ Hành Sơn, Đà Nẵng, Việt Nam,16.0560591,108.245642
199, Nguyễn Văn Thoại, Phước Mỹ, Sơn Trà, Đà Nẵng, Việt Nam,16.0545846,108.2361302
200, Nguyễn Văn Thoại, Bắc Mỹ Phú, Ngũ Hành Sơn, Đà Nẵng, Việt Nam,16.0560591,108.245642
201, Nguyễn Văn Thoại, Phước Mỹ, Ngũ Hành Sơn, Đà Nẵng, Việt Nam,16.0555544,108.2434569
202, Nguyễn Văn Thoại, Bắc Mỹ Phú, Ngũ Hành Sơn, Đà Nẵng, Việt Nam,16.0560591,108.245642
203, Nguyễn Văn Thoại, Bắc Mỹ Phú, Ngũ Hành Sơn, Đà Nẵng, Việt Nam,16.0553448,108.2437736
204, Nguyễn Văn Thoại, Bắc Mỹ Phú, Ngũ Hành Sơn, Đà Nẵng, Việt Nam,16.0560591,108.245642
205, Nguyễn Văn Thoại, Phước Mỹ, Sơn Trà, Đà Nẵng, Việt Nam,16.0555415,108.2435649
206, Nguyễn Văn Thoại, Bắc Mỹ Phú, Ngũ Hành Sơn, Đà Nẵng, Việt Nam,16.0560591,108.245642
207, Nguyễn Văn Thoại, Phước Mỹ, Sơn Trà, Đà Nẵng, Việt Nam,16.055575,108.2436669
208, Nguyễn Văn Thoại, Bắc Mỹ Phú, Ngũ Hành Sơn, Đà Nẵng, Việt Nam,16.0560591,108.245642
209, Nguyễn Văn Thoại, Phước Mỹ, Ngũ Hành Sơn, Đà Nẵng, Việt Nam,16.0556323,108.2437227
210, Nguyễn Văn Thoại, Bắc Mỹ Phú, Ngũ Hành Sơn, Đà Nẵng, Việt Nam,16.0560591,108.245642
211, Nguyễn Văn Thoại, Phước Mỹ, Sơn Trà, Đà Nẵng, Việt Nam,16.0559178,108.244096
212, Nguyễn Văn Thoại, Bắc Mỹ Phú, Sơn Trà, Đà Nẵng, Việt Nam,16.0560914,108.2457552
213, Nguyễn Văn Thoại, Bắc Mỹ Phú, Ngũ Hành Sơn, Đà Nẵng, Việt Nam,16.0557651,108.2442602
214, Nguyễn Văn Thoại, Bắc Mỹ Phú, Sơn Trà, Đà Nẵng, Việt Nam,16.0560914,108.2457552
215, Nguyễn Văn Thoại, Phước Mỹ, Ngũ Hành Sơn, Đà Nẵng, Việt Nam,16.0557705,108.2442673
216, Nguyễn Văn Thoại, Bắc Mỹ Phú, Sơn Trà, Đà Nẵng, Việt Nam,16.0560914,108.2457552
217, Nguyễn Văn Thoại, Bắc Mỹ Phú, Sơn Trà, Đà Nẵng, Việt Nam,16.0556858,108.244316
218, Nguyễn Văn Thoại, Bắc Mỹ Phú, Sơn Trà, Đà Nẵng, Việt Nam,16.0560914,108.2457552
219, Nguyễn Văn Thoại, Bắc Mỹ Phú, Ngũ Hành Sơn, Đà Nẵng, Việt Nam,16.0558172,108.2443502
220, Nguyễn Văn Thoại, Bắc Mỹ Phú, Sơn Trà, Đà Nẵng, Việt Nam,16.0560914,108.2457552
221, Nguyễn Văn Thoại, Bắc Mỹ Phú, Ngũ Hành Sơn, Đà Nẵng, Việt Nam,16.055818,108.2444014
222, Nguyễn Văn Thoại, Bắc Mỹ Phú, Sơn Trà, Đà Nẵng, Việt Nam,16.0560914,108.2457552
223, Nguyễn Văn Thoại, Bắc Mỹ Phú, Sơn Trà, Đà Nẵng, Việt Nam,16.0558508,108.2447237
224, Nguyễn Văn Thoại, Bắc Mỹ Phú, Sơn Trà, Đà Nẵng, Việt Nam,16.0560914,108.2457552
225, Nguyễn Văn Thoại, Phước Mỹ, Ngũ Hành Sơn, Đà Nẵng, Việt Nam,16.0560155,108.2449349
226, Nguyễn Văn Thoại, Bắc Mỹ Phú, Sơn Trà, Đà Nẵng, Việt Nam,16.0560914,108.2457552
227, Nguyễn Văn Thoại, Phước Mỹ, Sơn Trà, Đà Nẵng, Việt Nam,16.0560828,108.2450723
228, Nguyễn Văn Thoại, Bắc Mỹ Phú, Sơn Trà, Đà Nẵng, Việt Nam,16.0560914,108.2457552
229, Nguyễn Văn Thoại, Phước Mỹ, Ngũ Hành Sơn, Đà Nẵng, Việt Nam,16.0560706,108.2452849
230, Nguyễn Văn Thoại, Bắc Mỹ Phú, Sơn Trà, Đà Nẵng, Việt Nam,16.0560914,108.2457552
231, Nguyễn Văn Thoại, Phước Mỹ, Sơn Trà, Đà Nẵng, Việt Nam,16.0560705,108.2452849
232, Nguyễn Văn Thoại, Bắc Mỹ Phú, Sơn Trà, Đà Nẵng, Việt Nam,16.0560914,108.2457552
233, Nguyễn Văn Thoại, Phước Mỹ, Ngũ Hành Sơn, Đà Nẵng, Việt Nam,16.0562366,108.2457105
1, Thủ Khoa Huân, An Hải Đông, Sơn Trà, Đà Nẵng, Việt Nam,16.0585515,108.2408148
1, Thủ Khoa Huân, An Hải Đông, Sơn Trà, Đà Nẵng, Việt Nam,16.0585515,108.2408148
3, Thủ Khoa Huân, An Hải Đông, Sơn Trà, Đà Nẵng, Việt Nam,16.0584737,108.2408367
5, Thủ Khoa Huân, An Hải Đông, Sơn Trà, Đà Nẵng, Việt Nam,16.0582892,108.2407701
6, Thủ Khoa Huân, An Hải Đông, Sơn Trà, Đà Nẵng, Việt Nam,16.0575658,108.2410921
7, Thủ Khoa Huân, An Hải Đông, Sơn Trà, Đà Nẵng, Việt Nam,16.0582045,108.2407508
8, Thủ Khoa Huân, An Hải Đông, Sơn Trà, Đà Nẵng, Việt Nam,16.0581535,108.2407085
9, Thủ Khoa Huân, An Hải Đông, Sơn Trà, Đà Nẵng, Việt Nam,16.0581441,108.2407678
10, Thủ Khoa Huân, An Hải Đông, Sơn Trà, Đà Nẵng, Việt Nam,16.0581417,108.2408543
11, Thủ Khoa Huân, An Hải Đông, Sơn Trà, Đà Nẵng, Việt Nam,16.058097,108.2407811
12, Thủ Khoa Huân, An Hải Đông, Sơn Trà, Đà Nẵng, Việt Nam,16.0580991,108.2408875
13, Thủ Khoa Huân, An Hải Đông, Sơn Trà, Đà Nẵng, Việt Nam,16.0580486,108.2407947
14, Thủ Khoa Huân, An Hải Đông, Sơn Trà, Đà Nẵng, Việt Nam,16.0575256,108.240942
15, Thủ Khoa Huân, An Hải Đông, Sơn Trà, Đà Nẵng, Việt Nam,16.0579995,108.2408085
16, Thủ Khoa Huân, An Hải Đông, Sơn Trà, Đà Nẵng, Việt Nam,16.0580058,108.240934
17, Thủ Khoa Huân, An Hải Đông, Sơn Trà, Đà Nẵng, Việt Nam,16.0579463,108.2408235
18, Thủ Khoa Huân, An Hải Đông, Sơn Trà, Đà Nẵng, Việt Nam,16.0579536,108.2409698
19, Thủ Khoa Huân, An Hải Đông, Sơn Trà, Đà Nẵng, Việt Nam,16.0578196,108.2408592
20, Thủ Khoa Huân, An Hải Đông, Sơn Trà, Đà Nẵng, Việt Nam,16.0577216,108.2408868
21, Thủ Khoa Huân, An Hải Đông, Sơn Trà, Đà Nẵng, Việt Nam,16.0576235,108.2409144
22, Thủ Khoa Huân, An Hải Đông, Sơn Trà, Đà Nẵng, Việt Nam,16.0575255,108.240942
23, Thủ Khoa Huân, An Hải Đông, Sơn Trà, Đà Nẵng, Việt Nam,16.0575186,108.2409439
24, Thủ Khoa Huân, An Hải Đông, Sơn Trà, Đà Nẵng, Việt Nam,16.0575117,108.2409458
25, Thủ Khoa Huân, An Hải Đông, Sơn Trà, Đà Nẵng, Việt Nam,16.0575047,108.2409478
26, Thủ Khoa Huân, An Hải Đông, Sơn Trà, Đà Nẵng, Việt Nam,16.0574978,108.2409497
27, Thủ Khoa Huân, An Hải Đông, Sơn Trà, Đà Nẵng, Việt Nam,16.0574909,108.2409517
28, Thủ Khoa Huân, An Hải Đông, Sơn Trà, Đà Nẵng, Việt Nam,16.057484,108.2409536
29, Thủ Khoa Huân, An Hải Đông, Sơn Trà, Đà Nẵng, Việt Nam,16.0574771,108.2409556
30, Thủ Khoa Huân, An Hải Đông, Sơn Trà, Đà Nẵng, Việt Nam,16.0574702,108.2409575
31, Thủ Khoa Huân, An Hải Đông, Sơn Trà, Đà Nẵng, Việt Nam,16.0574633,108.2409595
32, Thủ Khoa Huân, An Hải Đông, Sơn Trà, Đà Nẵng, Việt Nam,16.0574563,108.2409614
33, Thủ Khoa Huân, An Hải Đông, Sơn Trà, Đà Nẵng, Việt Nam,16.0574494,108.2409634
34, Thủ Khoa Huân, An Hải Đông, Sơn Trà, Đà Nẵng, Việt Nam,16.0575437,108.2409758
35, Thủ Khoa Huân, An Hải Đông, Sơn Trà, Đà Nẵng, Việt Nam,16.0574356,108.2409673
36, Thủ Khoa Huân, An Hải Đông, Sơn Trà, Đà Nẵng, Việt Nam,16.0574287,108.2409692
37, Thủ Khoa Huân, An Hải Đông, Sơn Trà, Đà Nẵng, Việt Nam,16.0569601,108.2412828
38, Thủ Khoa Huân, An Hải Đông, Sơn Trà, Đà Nẵng, Việt Nam,16.0574148,108.2409731
39, Thủ Khoa Huân, An Hải Đông, Sơn Trà, Đà Nẵng, Việt Nam,16.0574079,108.240975
40, Thủ Khoa Huân, An Hải Đông, Sơn Trà, Đà Nẵng, Việt Nam,16.0574216,108.2410565
41, Thủ Khoa Huân, An Hải Đông, Sơn Trà, Đà Nẵng, Việt Nam,16.0573807,108.2409827
42, Thủ Khoa Huân, An Hải Đông, Sơn Trà, Đà Nẵng, Việt Nam,16.0573605,108.2409884
43, Thủ Khoa Huân, An Hải Đông, Sơn Trà, Đà Nẵng, Việt Nam,16.0573402,108.2409941
44, Thủ Khoa Huân, An Hải Đông, Sơn Trà, Đà Nẵng, Việt Nam,16.0573199,108.2409998
45, Thủ Khoa Huân, An Hải Đông, Sơn Trà, Đà Nẵng, Việt Nam,16.0572997,108.2410055
46, Thủ Khoa Huân, An Hải Đông, Sơn Trà, Đà Nẵng, Việt Nam,16.0572794,108.2410112
47, Thủ Khoa Huân, An Hải Đông, Sơn Trà, Đà Nẵng, Việt Nam,16.0572591,108.2410169
48, Thủ Khoa Huân, An Hải Đông, Sơn Trà, Đà Nẵng, Việt Nam,16.0572389,108.2410226
49, Thủ Khoa Huân, An Hải Đông, Sơn Trà, Đà Nẵng, Việt Nam,16.0572186,108.2410283
50, Thủ Khoa Huân, An Hải Đông, Sơn Trà, Đà Nẵng, Việt Nam,16.0571984,108.241034
51, Thủ Khoa Huân, An Hải Đông, Sơn Trà, Đà Nẵng, Việt Nam,16.0571781,108.2410397
52, Thủ Khoa Huân, An Hải Đông, Sơn Trà, Đà Nẵng, Việt Nam,16.0571564,108.2410459
53, Thủ Khoa Huân, An Hải Đông, Sơn Trà, Đà Nẵng, Việt Nam,16.0571347,108.241052
54, Thủ Khoa Huân, An Hải Đông, Sơn Trà, Đà Nẵng, Việt Nam,16.057113,108.2410581
55, Thủ Khoa Huân, An Hải Đông, Sơn Trà, Đà Nẵng, Việt Nam,16.0568818,108.2412314
56, Thủ Khoa Huân, An Hải Đông, Sơn Trà, Đà Nẵng, Việt Nam,16.0570697,108.2410703
57, Thủ Khoa Huân, An Hải Đông, Sơn Trà, Đà Nẵng, Việt Nam,16.0569781,108.241096
58, Thủ Khoa Huân, An Hải Đông, Sơn Trà, Đà Nẵng, Việt Nam,16.0568868,108.2411218
59, Thủ Khoa Huân, An Hải Đông, Sơn Trà, Đà Nẵng, Việt Nam,16.0568867,108.2411218
60, Thủ Khoa Huân, An Hải Đông, Sơn Trà, Đà Nẵng, Việt Nam,16.0568867,108.2411218
61, Thủ Khoa Huân, An Hải Đông, Sơn Trà, Đà Nẵng, Việt Nam,16.0568867,108.2411218
62, Thủ Khoa Huân, An Hải Đông, Sơn Trà, Đà Nẵng, Việt Nam,16.0568867,108.2411218
63, Thủ Khoa Huân, An Hải Đông, Sơn Trà, Đà Nẵng, Việt Nam,16.0568867,108.2411218
64, Thủ Khoa Huân, An Hải Đông, Sơn Trà, Đà Nẵng, Việt Nam,16.0568561,108.2412582
65, Thủ Khoa Huân, An Hải Đông, Sơn Trà, Đà Nẵng, Việt Nam,16.0568868,108.2411218
66, Thủ Khoa Huân, An Hải Đông, Sơn Trà, Đà Nẵng, Việt Nam,16.0568656,108.2411277
67, Thủ Khoa Huân, An Hải Đông, Sơn Trà, Đà Nẵng, Việt Nam,16.0568444,108.2411337
68, Thủ Khoa Huân, An Hải Đông, Sơn Trà, Đà Nẵng, Việt Nam,16.0568233,108.2411396
69, Thủ Khoa Huân, An Hải Đông, Sơn Trà, Đà Nẵng, Việt Nam,16.0568022,108.2411456
70, Thủ Khoa Huân, An Hải Đông, Sơn Trà, Đà Nẵng, Việt Nam,16.0567325,108.2414357
71, Thủ Khoa Huân, An Hải Đông, Sơn Trà, Đà Nẵng, Việt Nam,16.0567599,108.2411575
72, Thủ Khoa Huân, An Hải Đông, Sơn Trà, Đà Nẵng, Việt Nam,16.0567388,108.2411634
73, Thủ Khoa Huân, An Hải Đông, Sơn Trà, Đà Nẵng, Việt Nam,16.0567176,108.2411694
74, Thủ Khoa Huân, An Hải Đông, Sơn Trà, Đà Nẵng, Việt Nam,16.0566965,108.2411753
75, Thủ Khoa Huân, An Hải Đông, Sơn Trà, Đà Nẵng, Việt Nam,16.0566815,108.2411795
76, Thủ Khoa Huân, An Hải Đông, Sơn Trà, Đà Nẵng, Việt Nam,16.0566859,108.2412583
77, Thủ Khoa Huân, An Hải Đông, Sơn Trà, Đà Nẵng, Việt Nam,16.0566174,108.2411976
78, Thủ Khoa Huân, An Hải Đông, Sơn Trà, Đà Nẵng, Việt Nam,16.0565682,108.2412114
79, Thủ Khoa Huân, An Hải Đông, Sơn Trà, Đà Nẵng, Việt Nam,16.0565191,108.2412253
80, Thủ Khoa Huân, An Hải Đông, Sơn Trà, Đà Nẵng, Việt Nam,16.056501,108.2413582
81, Thủ Khoa Huân, An Hải Đông, Sơn Trà, Đà Nẵng, Việt Nam,16.05647,108.2412391
82, Thủ Khoa Huân, An Hải Đông, Sơn Trà, Đà Nẵng, Việt Nam,16.05647,108.2412391
83, Thủ Khoa Huân, An Hải Đông, Sơn Trà, Đà Nẵng, Việt Nam,16.0561303,108.2414992
84, Thủ Khoa Huân, An Hải Đông, Sơn Trà, Đà Nẵng, Việt Nam,16.0561202,108.2414618
85, Thủ Khoa Huân, An Hải Đông, Sơn Trà, Đà Nẵng, Việt Nam,16.0561303,108.2414992
86, Thủ Khoa Huân, An Hải Đông, Sơn Trà, Đà Nẵng, Việt Nam,16.0561303,108.2414992
87, Thủ Khoa Huân, An Hải Đông, Sơn Trà, Đà Nẵng, Việt Nam,16.0561303,108.2414992
88, Thủ Khoa Huân, An Hải Đông, Sơn Trà, Đà Nẵng, Việt Nam,16.0561303,108.2414992
89, Thủ Khoa Huân, An Hải Đông, Sơn Trà, Đà Nẵng, Việt Nam,16.0561496,108.2414936
90, Thủ Khoa Huân, An Hải Đông, Sơn Trà, Đà Nẵng, Việt Nam,16.0561496,108.2414936
91, Thủ Khoa Huân, An Hải Đông, Sơn Trà, Đà Nẵng, Việt Nam,16.0561496,108.2414936
92, Thủ Khoa Huân, An Hải Đông, Sơn Trà, Đà Nẵng, Việt Nam,16.0561496,108.2414936
93, Thủ Khoa Huân, An Hải Đông, Sơn Trà, Đà Nẵng, Việt Nam,16.0561496,108.2414936
94, Thủ Khoa Huân, An Hải Đông, Sơn Trà, Đà Nẵng, Việt Nam,16.0561496,108.2414936
95, Thủ Khoa Huân, An Hải Đông, Sơn Trà, Đà Nẵng, Việt Nam,16.0561496,108.2414936
96, Thủ Khoa Huân, An Hải Đông, Sơn Trà, Đà Nẵng, Việt Nam,16.0561496,108.2414936
97, Thủ Khoa Huân, An Hải Đông, Sơn Trà, Đà Nẵng, Việt Nam,16.0561496,108.2414936
98, Thủ Khoa Huân, An Hải Đông, Sơn Trà, Đà Nẵng, Việt Nam,16.0561496,108.2414936
99, Thủ Khoa Huân, An Hải Đông, Sơn Trà, Đà Nẵng, Việt Nam,16.0561496,108.2414936
100, Thủ Khoa Huân, An Hải Đông, Sơn Trà, Đà Nẵng, Việt Nam,16.0561496,108.2414936
101, Thủ Khoa Huân, An Hải Đông, Sơn Trà, Đà Nẵng, Việt Nam,16.0561496,108.2414936
102, Thủ Khoa Huân, An Hải Đông, Sơn Trà, Đà Nẵng, Việt Nam,16.0561496,108.2414936
103, Thủ Khoa Huân, An Hải Đông, Sơn Trà, Đà Nẵng, Việt Nam,16.0561496,108.2414936
104, Thủ Khoa Huân, An Hải Đông, Sơn Trà, Đà Nẵng, Việt Nam,16.0561496,108.2414936
105, Thủ Khoa Huân, An Hải Đông, Sơn Trà, Đà Nẵng, Việt Nam,16.0561496,108.2414936
106, Thủ Khoa Huân, An Hải Đông, Sơn Trà, Đà Nẵng, Việt Nam,16.0561496,108.2414936
107, Thủ Khoa Huân, An Hải Đông, Sơn Trà, Đà Nẵng, Việt Nam,16.0561496,108.2414936
108, Thủ Khoa Huân, An Hải Đông, Sơn Trà, Đà Nẵng, Việt Nam,16.0561496,108.2414936
109, Thủ Khoa Huân, An Hải Đông, Sơn Trà, Đà Nẵng, Việt Nam,16.0561496,108.2414936
110, Thủ Khoa Huân, An Hải Đông, Sơn Trà, Đà Nẵng, Việt Nam,16.0561496,108.2414936
111, Thủ Khoa Huân, An Hải Đông, Sơn Trà, Đà Nẵng, Việt Nam,16.0561496,108.2414936
112, Thủ Khoa Huân, An Hải Đông, Sơn Trà, Đà Nẵng, Việt Nam,16.0561496,108.2414936
113, Thủ Khoa Huân, An Hải Đông, Sơn Trà, Đà Nẵng, Việt Nam,16.0561496,108.2414936
114, Thủ Khoa Huân, An Hải Đông, Sơn Trà, Đà Nẵng, Việt Nam,16.0561496,108.2414936
115, Thủ Khoa Huân, An Hải Đông, Sơn Trà, Đà Nẵng, Việt Nam,16.0561496,108.2414936
116, Thủ Khoa Huân, An Hải Đông, Sơn Trà, Đà Nẵng, Việt Nam,16.0561496,108.2414936
117, Thủ Khoa Huân, An Hải Đông, Sơn Trà, Đà Nẵng, Việt Nam,16.0561496,108.2414936
118, Thủ Khoa Huân, An Hải Đông, Sơn Trà, Đà Nẵng, Việt Nam,16.0561496,108.2414936
119, Thủ Khoa Huân, An Hải Đông, Sơn Trà, Đà Nẵng, Việt Nam,16.0561496,108.2414936
120, Thủ Khoa Huân, An Hải Đông, Sơn Trà, Đà Nẵng, Việt Nam,16.0561496,108.2414936
1, Võ Văn Kiệt, An Hải Bắc, Sơn Trà, Đà Nẵng, Việt Nam,16.061642,108.2360674
2, Võ Văn Kiệt, An Hải Bắc, Sơn Trà, Đà Nẵng, Việt Nam,16.0618059,108.2356082
3, Võ Văn Kiệt, Phước Mỹ, Sơn Trà, Đà Nẵng, Việt Nam,16.0635009,108.2448997
4, Võ Văn Kiệt, Phước Mỹ, Sơn Trà, Đà Nẵng, Việt Nam,16.06183,108.2361758
5, Võ Văn Kiệt, An Hải Bắc, Sơn Trà, Đà Nẵng, Việt Nam,16.0618282,108.2361761
6, Võ Văn Kiệt, An Hải Bắc, Sơn Trà, Đà Nẵng, Việt Nam,16.0618282,108.2361761
7, Võ Văn Kiệt, An Hải Bắc, Sơn Trà, Đà Nẵng, Việt Nam,16.0618282,108.2361761
8, Võ Văn Kiệt, An Hải Bắc, Sơn Trà, Đà Nẵng, Việt Nam,16.0618282,108.2361761
9, Võ Văn Kiệt, Phước Mỹ, Sơn Trà, Đà Nẵng, Việt Nam,16.0633775,108.2432494
10, Võ Văn Kiệt, Phước Mỹ, Sơn Trà, Đà Nẵng, Việt Nam,16.0621777,108.2382481
11, Võ Văn Kiệt, An Hải Bắc, Sơn Trà, Đà Nẵng, Việt Nam,16.0621718,108.2373181
12, Võ Văn Kiệt, An Hải Bắc, Sơn Trà, Đà Nẵng, Việt Nam,16.06183,108.2361758
13, Võ Văn Kiệt, An Hải Bắc, Sơn Trà, Đà Nẵng, Việt Nam,16.0618282,108.2361759
14, Võ Văn Kiệt, An Hải Bắc, Sơn Trà, Đà Nẵng, Việt Nam,16.0619915,108.2361494
15, Võ Văn Kiệt, An Hải Bắc, Sơn Trà, Đà Nẵng, Việt Nam,16.0618282,108.2361756
16, Võ Văn Kiệt, An Hải Bắc, Sơn Trà, Đà Nẵng, Việt Nam,16.06183,108.2361758
17, Võ Văn Kiệt, Phước Mỹ, Sơn Trà, Đà Nẵng, Việt Nam,16.0635882,108.2446848
18, Võ Văn Kiệt, An Hải Bắc, Sơn Trà, Đà Nẵng, Việt Nam,16.0618282,108.2361756
19, Võ Văn Kiệt, Phước Mỹ, Sơn Trà, Đà Nẵng, Việt Nam,16.0631338,108.2420054
20, Võ Văn Kiệt, Phước Mỹ, Sơn Trà, Đà Nẵng, Việt Nam,16.0629966,108.2419189
21, Võ Văn Kiệt, Phước Mỹ, Sơn Trà, Đà Nẵng, Việt Nam,16.0634859,108.2446351
22, Võ Văn Kiệt, An Hải Bắc, Sơn Trà, Đà Nẵng, Việt Nam,16.0618282,108.2361756
23, Võ Văn Kiệt, Phước Mỹ, Sơn Trà, Đà Nẵng, Việt Nam,16.063486,108.2445938
24, Võ Văn Kiệt, An Hải Bắc, Sơn Trà, Đà Nẵng, Việt Nam,16.0618282,108.2361756
25, Võ Văn Kiệt, Phước Mỹ, Sơn Trà, Đà Nẵng, Việt Nam,16.0634781,108.2444591
26, Võ Văn Kiệt, An Hải Bắc, Sơn Trà, Đà Nẵng, Việt Nam,16.0618282,108.2361756
27, Võ Văn Kiệt, Phước Mỹ, Sơn Trà, Đà Nẵng, Việt Nam,16.06343,108.2443809
28, Võ Văn Kiệt, An Hải Bắc, Sơn Trà, Đà Nẵng, Việt Nam,16.0618282,108.2361756
29, Võ Văn Kiệt, Phước Mỹ, Sơn Trà, Đà Nẵng, Việt Nam,16.0633899,108.2443125
30, Võ Văn Kiệt, Phước Mỹ, Sơn Trà, Đà Nẵng, Việt Nam,16.0629966,108.2419189
31, Võ Văn Kiệt, Phước Mỹ, Sơn Trà, Đà Nẵng, Việt Nam,16.063354,108.2442416
32, Võ Văn Kiệt, Phước Mỹ, Sơn Trà, Đà Nẵng, Việt Nam,16.0629966,108.2419189
33, Võ Văn Kiệt, Phước Mỹ, Sơn Trà, Đà Nẵng, Việt Nam,16.0633525,108.2441882
34, Võ Văn Kiệt, Phước Mỹ, Sơn Trà, Đà Nẵng, Việt Nam,16.0629966,108.2419189
35, Võ Văn Kiệt, Phước Mỹ, Sơn Trà, Đà Nẵng, Việt Nam,16.0629966,108.2419189
36, Võ Văn Kiệt, Phước Mỹ, Sơn Trà, Đà Nẵng, Việt Nam,16.0629966,108.2419189
37, Võ Văn Kiệt, Phước Mỹ, Sơn Trà, Đà Nẵng, Việt Nam,16.0632999,108.2440954
38, Võ Văn Kiệt, Phước Mỹ, Sơn Trà, Đà Nẵng, Việt Nam,16.0629966,108.2419189
39, Võ Văn Kiệt, Phước Mỹ, Sơn Trà, Đà Nẵng, Việt Nam,16.0633075,108.2439517
40, Võ Văn Kiệt, Phước Mỹ, Sơn Trà, Đà Nẵng, Việt Nam,16.0629966,108.2419189
41, Võ Văn Kiệt, Phước Mỹ, Sơn Trà, Đà Nẵng, Việt Nam,16.0632683,108.243889
42, Võ Văn Kiệt, Phước Mỹ, Sơn Trà, Đà Nẵng, Việt Nam,16.0621411,108.2380442
43, Võ Văn Kiệt, Phước Mỹ, Sơn Trà, Đà Nẵng, Việt Nam,16.0632462,108.2438204
44, Võ Văn Kiệt, Phước Mỹ, Sơn Trà, Đà Nẵng, Việt Nam,16.0621411,108.2380442
45, Võ Văn Kiệt, Phước Mỹ, Sơn Trà, Đà Nẵng, Việt Nam,16.0631945,108.2437621
46, Võ Văn Kiệt, Phước Mỹ, Sơn Trà, Đà Nẵng, Việt Nam,16.0621411,108.2380442
47, Võ Văn Kiệt, Phước Mỹ, Sơn Trà, Đà Nẵng, Việt Nam,16.0632013,108.2436384
48, Võ Văn Kiệt, Phước Mỹ, Sơn Trà, Đà Nẵng, Việt Nam,16.0621411,108.2380442
49, Võ Văn Kiệt, Phước Mỹ, Sơn Trà, Đà Nẵng, Việt Nam,16.0621411,108.2380442
50, Võ Văn Kiệt, Phước Mỹ, Sơn Trà, Đà Nẵng, Việt Nam,16.0621411,108.2380442
51, Võ Văn Kiệt, Phước Mỹ, Sơn Trà, Đà Nẵng, Việt Nam,16.0621411,108.2380442
52, Võ Văn Kiệt, An Hải Bắc, Sơn Trà, Đà Nẵng, Việt Nam,16.0622477,108.23791
53, Võ Văn Kiệt, Phước Mỹ, Sơn Trà, Đà Nẵng, Việt Nam,16.0621411,108.2380442
54, Võ Văn Kiệt, Phước Mỹ, Sơn Trà, Đà Nẵng, Việt Nam,16.0621411,108.2380442
55, Võ Văn Kiệt, Phước Mỹ, Sơn Trà, Đà Nẵng, Việt Nam,16.0630653,108.2432343
56, Võ Văn Kiệt, Phước Mỹ, Sơn Trà, Đà Nẵng, Việt Nam,16.0621411,108.2380442
57, Võ Văn Kiệt, Phước Mỹ, Sơn Trà, Đà Nẵng, Việt Nam,16.0630541,108.2431981
58, Võ Văn Kiệt, An Hải Bắc, Sơn Trà, Đà Nẵng, Việt Nam,16.0620913,108.23775
59, Võ Văn Kiệt, Phước Mỹ, Sơn Trà, Đà Nẵng, Việt Nam,16.063043,108.2431618
60, Võ Văn Kiệt, An Hải Bắc, Sơn Trà, Đà Nẵng, Việt Nam,16.0620913,108.23775
61, Võ Văn Kiệt, An Hải Bắc, Sơn Trà, Đà Nẵng, Việt Nam,16.0620913,108.23775
62, Võ Văn Kiệt, An Hải Bắc, Sơn Trà, Đà Nẵng, Việt Nam,16.0622211,108.2377287
63, Võ Văn Kiệt, An Hải Bắc, Sơn Trà, Đà Nẵng, Việt Nam,16.0620913,108.23775
64, Võ Văn Kiệt, An Hải Bắc, Sơn Trà, Đà Nẵng, Việt Nam,16.0620913,108.23775
65, Võ Văn Kiệt, Phước Mỹ, Sơn Trà, Đà Nẵng, Việt Nam,16.0630094,108.2430531
66, Võ Văn Kiệt, An Hải Bắc, Sơn Trà, Đà Nẵng, Việt Nam,16.0620913,108.23775
67, Võ Văn Kiệt, Phước Mỹ, Sơn Trà, Đà Nẵng, Việt Nam,16.0629983,108.2430169
68, Võ Văn Kiệt, An Hải Bắc, Sơn Trà, Đà Nẵng, Việt Nam,16.0620913,108.23775
69, Võ Văn Kiệt, Phước Mỹ, Sơn Trà, Đà Nẵng, Việt Nam,16.0629558,108.2429912
70, Võ Văn Kiệt, An Hải Bắc, Sơn Trà, Đà Nẵng, Việt Nam,16.0620913,108.23775
71, Võ Văn Kiệt, Phước Mỹ, Sơn Trà, Đà Nẵng, Việt Nam,16.0629738,108.2429377
72, Võ Văn Kiệt, An Hải Bắc, Sơn Trà, Đà Nẵng, Việt Nam,16.0620913,108.23775
73, Võ Văn Kiệt, Phước Mỹ, Sơn Trà, Đà Nẵng, Việt Nam,16.0629606,108.2428947
74, Võ Văn Kiệt, An Hải Bắc, Sơn Trà, Đà Nẵng, Việt Nam,16.0620913,108.23775
75, Võ Văn Kiệt, Phước Mỹ, Sơn Trà, Đà Nẵng, Việt Nam,16.0629473,108.2428517
76, Võ Văn Kiệt, An Hải Bắc, Sơn Trà, Đà Nẵng, Việt Nam,16.0620913,108.23775
77, Võ Văn Kiệt, Phước Mỹ, Sơn Trà, Đà Nẵng, Việt Nam,16.062934,108.2428087
78, Võ Văn Kiệt, Phước Mỹ, Sơn Trà, Đà Nẵng, Việt Nam,16.0622365,108.2396733
79, Võ Văn Kiệt, Phước Mỹ, Sơn Trà, Đà Nẵng, Việt Nam,16.0629208,108.2427658
80, Võ Văn Kiệt, Phước Mỹ, Sơn Trà, Đà Nẵng, Việt Nam,16.0622365,108.2396733
81, Võ Văn Kiệt, Phước Mỹ, Sơn Trà, Đà Nẵng, Việt Nam,16.0629075,108.2427228
82, Võ Văn Kiệt, Phước Mỹ, Sơn Trà, Đà Nẵng, Việt Nam,16.0622365,108.2396733
83, Võ Văn Kiệt, Phước Mỹ, Sơn Trà, Đà Nẵng, Việt Nam,16.0628943,108.2426798
84, Võ Văn Kiệt, Phước Mỹ, Sơn Trà, Đà Nẵng, Việt Nam,16.0622365,108.2396733
85, Võ Văn Kiệt, Phước Mỹ, Sơn Trà, Đà Nẵng, Việt Nam,16.062912,108.2426259
86, Võ Văn Kiệt, Phước Mỹ, Sơn Trà, Đà Nẵng, Việt Nam,16.0622365,108.2396733
87, Võ Văn Kiệt, Phước Mỹ, Sơn Trà, Đà Nẵng, Việt Nam,16.062786,108.2423821
88, Võ Văn Kiệt, Phước Mỹ, Sơn Trà, Đà Nẵng, Việt Nam,16.0618549,108.239724
89, Võ Văn Kiệt, Phước Mỹ, Sơn Trà, Đà Nẵng, Việt Nam,16.0628285,108.2422681
90, Võ Văn Kiệt, Phước Mỹ, Sơn Trà, Đà Nẵng, Việt Nam,16.0628239,108.242259
91, Võ Văn Kiệt, Phước Mỹ, Sơn Trà, Đà Nẵng, Việt Nam,16.0628032,108.242253
92, Võ Văn Kiệt, Phước Mỹ, Sơn Trà, Đà Nẵng, Việt Nam,16.0628127,108.2422197
93, Võ Văn Kiệt, Phước Mỹ, Sơn Trà, Đà Nẵng, Việt Nam,16.0628042,108.2421902
94, Võ Văn Kiệt, Phước Mỹ, Sơn Trà, Đà Nẵng, Việt Nam,16.0627958,108.2421606
95, Võ Văn Kiệt, Phước Mỹ, Sơn Trà, Đà Nẵng, Việt Nam,16.0627874,108.2421311
96, Võ Văn Kiệt, Phước Mỹ, Sơn Trà, Đà Nẵng, Việt Nam,16.0627789,108.2421015
97, Võ Văn Kiệt, Phước Mỹ, Sơn Trà, Đà Nẵng, Việt Nam,16.0627999,108.2420629
98, Võ Văn Kiệt, Phước Mỹ, Sơn Trà, Đà Nẵng, Việt Nam,16.06277,108.2420703
99, Võ Văn Kiệt, Phước Mỹ, Sơn Trà, Đà Nẵng, Việt Nam,16.0627695,108.2420685
100, Võ Văn Kiệt, Phước Mỹ, Sơn Trà, Đà Nẵng, Việt Nam,16.062769,108.2420668
